id,user_id,sender_name,sender,message,time_sent
1,96,,you,"こんにちは！
一応、ポートフォリオ動画も入れてプロフィール欄の
入力済と認識してますが、次のステップはどうなりますか？",2026-04-15 14:05:00
2,96,島崎　麻衣,me,そうしましたら、確認のためプロフィールリンクの共有をお願いいたします❗,2026-04-15 14:06:00
3,96,,you,"https://crowdworks.jp/public/employees/6515347?ref=login_header
よろしくお願いします。",2026-04-15 14:14:00
4,96,島崎　麻衣,me,"全体として方向性は良いです❗
特に、「最後まで見られる動画」テンポ・見やすさ・伝わりやすさ重視
この打ち出しは、動画編集のプロフィールとして分かりやすいです。
そのうえで、少し直すとさらに良くなります。
まず、今の文章は丁寧で感じは良いのですが、少しだけふんわりしています。
依頼する側からすると、
どんな動画ができるのか
どんな編集を頼めるのか
どんな人が向いているのか
がもう少し具体的に見えた方が、お願いしやすくなります。
特に修正したいのはこの3点です。
①「専門に活動している」は少し強く見える
まだ実績を積んでいる段階なら、少し自然にした方が安心です。
無理に強く見せるより、誠実な方が信頼されやすいです。
② 強みをもう少し具体的にする
「なんとなくのイメージでも形にします」は悪くないですが、少し抽象的です。
たとえば、意図をくみ取って編集します、イメージに近づけるよう丁寧にすり合わせますの方が伝わりやすいです。
③ 対応内容を少し整理する
YouTube動画とショート動画は需要が高いので、そこは前に出して大丈夫です。
以下を参考にブラッシュアップしてみてください。
テンポ良く、最後まで見られる動画を丁寧に仕上げます
はじめまして。RAMIKAと申します。
視聴者に「最後まで見てもらえる動画」を意識し、
テンポ・見やすさ・伝わりやすさを重視した動画編集を心がけています。
YouTube動画やショート動画を中心に、
視聴しやすく、内容が伝わりやすい編集に対応いたします。
▼対応可能な内容
・カット編集
・テロップ挿入
・BGM／効果音挿入
・簡単なアニメーション、演出
・YouTube動画編集
・ショート動画編集
▼強み
・テンポを意識した見やすい編集
・丁寧な対応とスムーズなやり取り
・修正依頼にも柔軟に対応
・ご要望をくみ取りながら、イメージに近い形へ丁寧に仕上げます
現在は実績を積みながら活動しており、
ご依頼いただいた案件には1件ずつ誠実に対応いたします。
▼対応時間
・平日：〇時〜〇時
・土日：〇時〜〇時
・返信目安：〇時間以内
「こんな動画にしたい」というイメージがあれば、
ざっくりでも大丈夫ですので、ぜひご相談ください。
最後まで責任を持って対応いたします。
どうぞよろしくお願いいたします。
ポイントとしては、対応時間と返信目安を入れることです。
たとえば、平日20:00〜23:00／土日13:00〜22:00／返信は12時間以内のように書けると、依頼者に伝わりやすいです。
必要以上に長くせず、対応内容・強み・対応時間が見える形にするとまとまりやすいですよ❗",2026-04-15 20:21:00
5,115,,you,楽天roomやっぱり厳しいので、他提案してください,2026-04-15 17:23:00
6,122,,you,マグカップをいくつか作成してからポスターに取り掛かってもいいでしょうか？,2026-04-15 09:57:00
7,122,島崎　麻衣,me,"進めること自体は可能ですが、先に何となく数を作るのはおすすめしません❗
今の段階で大事なのは、マグカップを作るかポスターを作るかではなく、どちらのほうが需要がありそうかをしっかりリサーチしてから決めることです。
リサーチが浅いままマグカップをいくつか作る→あとでポスターも作るという進め方をすると、作業だけ増えて軸がぶれやすくなります。
なので、まずはマグカップと ポスターでどちらが売れているか、どんなデザインが多いか、価格帯はどうか、競合が強すぎないか、このあたりを見てください。
とにかく作って出すということではなく、先にリサーチして決める！ここを意識して進めていきましょう。",2026-04-15 14:49:00
8,123,,you,"こんにちは。
Xアカウントの件で質問があります。
あれから無事仕事用Xアカウントを作れました。おとといから楽天ROOMからのクロスポストをしています。
よくユーザーさんに画像のような感じでご自身のプロフィールにXやインスタのアカウント名を載せてる方見かけます。
載せてる方はたいてい
X:楽天ROOMのURL貼り付け
楽天ROOM:Xのアカウント名貼り付け
としていることが多いようです。
私はあくまでもXから楽天ROOMに呼び込む為にXに楽天ROOMのURLを貼りましたが、楽天ROOMプロフィールにXアカウント名をいれるのは、どんな意図でやるものなのでしょうか？メリットとか知りたいです。
よろしくお願いします🙇",2026-04-15 14:25:00
9,123,島崎　麻衣,me,"楽天ROOMのプロフィールにXアカウント名を入れるのは、他でも発信していることを見せて信頼感を出すためです。
メリットとしては、発信の一貫性が出ること、気になった人がXも見に行けること、ROOMとXが同じ人の発信だと分かりやすいことがあります。
ただ、必須ではありません❗
今回のようにXからROOMへ流したいのであれば、まずはX側にROOMリンクを貼る方を優先して大丈夫です。
ROOMにX名を入れるのは、補助的な信頼づくりと考えていただければ大丈夫です。",2026-04-15 19:31:00
10,143,ウチダ,me,"どこを基準に全く稼げていないと判断するかですが、目標が達成できない生徒はいますが継続力があるので期待はしています❗
今もクライアントワークをしていますが、継続案件を受注しているので定期的に収入が入る仕組みを構築しています❗",2026-04-15 00:46:00
11,143,,you,私は期待通りの結果が得られないので、返金対応を受ける事は可能でしょうか？,2026-04-15 06:36:00
12,143,ウチダ,me,"半年間の契約期間も終了していること、また利用規約に基づいた対応となるため、現時点では返金対象外となります❗
ただ、だからといって無下にするつもりはありません❗
今後の方向性については、一緒にしっかり考えていきましょう❗
まずは、最短で収益化を目指せるクライアントワークを継続していき、実際に案件へ応募するところから始めていきましょう❗
ちなみに今どういった案件に応募されていますか❓",2026-04-15 14:42:00
13,143,,you,何度も言っておりますが、応募に至るまでの案件が有りません。,2026-04-15 14:45:00
14,143,ウチダ,me,なんて検索されていますか❓,2026-04-15 14:48:00
15,143,,you,毎回話してる人変わってますか？,2026-04-15 14:48:00
16,143,,you,毎回同じ話の繰り返しなんですけど、,2026-04-15 14:49:00
17,143,,you,"最初のお話では、言う通りにしたら稼げるから難しい事はない！リスク0だと、そらと私に合う仕事3つぐらいもう浮かんだ！とも言ってたのでカリキュラム頑張ってたんですよ。
でも結果クラウドワークスでの案件探し、無下にはしない！ってなんか納得いかないですけど",2026-04-15 14:54:00
18,143,ウチダ,me,"変わっていませんよ❗
先日も言いましたが似た案件があるとは言え枯渇することはないですから、改めてお聞きしました❗
今回はまず収益化までのスピードを優先して、クラウドワークスを中心にご案内していましたが、それ以外の方法についてもお伝えすることは可能です❗
無在庫販売や楽天ROOMなど、別の副業をご希望でしょうか❓",2026-04-15 14:58:00
19,143,,you,"そうですね
少しでも稼げる別の副業があれば希望します。",2026-04-15 15:06:00
20,143,島崎　麻衣,me,それでは、比較的取り組みやすい、楽天ROOMからはじめてみるのはいかがでしょうか❓,2026-04-15 20:25:00
21,170,,you,"お世話になっております。
【資料整理のお仕事】文章や情報を見やすくまとめる作業（継続あり）
https://crowdworks.jp/public/jobs/13036075
maipuuc0m
の続きです。まず、やり取りから。
[当方]
お世話になっております。
この度は面談のご提案をいただき、ありがとうございます。
日程につきまして、下記の通りご都合はいかがでしょうか。
4月15～18日
いずれの日でもよいですが、午前10時～で可能です。
なお、当日は音声での参加を予定しておりますが、
業務内容のすり合わせには問題なく対応可能ですのでご安心いただけますと幸いです。
当日は短時間でも構いませんので、認識のすり合わせができればと考えております。
どうぞよろしくお願いいたします。
↓
[クライアント]
お世話になります。
面談は顔出しでお願いしております。
対応可能でしょうか。
↑
このような返答がありました。
・私はそろそろチャットで進めるクライアントに絞ろうと思っていました。今回はたまたま面談まで来たので受けましたが、音声だけでは無理なようです。
「機材環境の都合で音声参加とさせていただいております」などと返信しようとしましたが、そもそもこの段階(条件等未知数)でならいっそのことお断りをしたいと思いました。
①この場合、当方から辞退することになるわけですが、相手への評価はしなくてもよいでしょうか。
②また、円満に辞退する表記はあるのでしょうか。
③特にあと当方がすることはないと思いますが、こうしたケース(面談で本条件などを説明する)に対してのアドバイスがありましたらよろしくお願いします。",2026-04-15 00:07:00
22,170,島崎　麻衣,me,"この場合は、ご自身から辞退して問題ありません
また、クラウドワークスの評価は検収完了後に任意で行うものなので、今回のように条件確認の段階で辞退する場合は、無理に評価をする必要はありません。評価入力自体も、固定報酬制では検収合格後に契約詳細画面から行う流れです。 
辞退するなら、「ご連絡ありがとうございます。
大変恐縮ですが、今回は面談参加条件との兼ね合いから、辞退させていただければと思います。
ご調整いただいたところ恐れ入りますが、何卒よろしくお願いいたします。」
このくらいで十分です❗
また、今回のように本条件が面談でないと分からない案件は、今後はかなり慎重に見たほうがよいです。",2026-04-15 17:41:00
23,170,,you,ご回答いただきありがとうございました。成り行き上進めてみましたが、今回の件を通していろいろ学べました。次回からいかせると思います。クラウドワークスから「評価をお願いします」などが繰り返し来ますが、当方が辞退すればもう来なくなるのでしょうか。,2026-04-15 18:17:00
24,170,島崎　麻衣,me,"クラウドワークス上の評価依頼は、契約や案件のステータスが残っている間、自動でしばらく表示・通知されることがあります。
固定報酬制の流れ自体も、評価は検収後の最後のステップです。
そのため、ご自身が辞退の連絡を入れたから即止まるとは限りません。
もし案件が正式に終了していない状態なら、通知だけ残ることもあります。 
なので対応としては、まず辞退の連絡を入れる、必要なら契約や進行状況がどうなっているか確認する、この形で大丈夫です❗
今回の件は、次回以降の見極め材料として活かせれば十分前進です。",2026-04-15 20:11:00
25,189,,you,"こんにちは！
クラウドワークスでライティングのお仕事を検索していますが、しょっぱなから詐欺案件ぽいのに当たってしまい怖いのと、年齢で区切られたりでなかなか次々に応募ができない状況です。
他にも、データ入力とか見ると、結構時間がかかるので副業としては厳しいと感じています。
今朝、アンケート案件で5円のをやってみました。1000円以上にならないと引き出せないんですね😅
180日以内に引き出さないと消滅との事で、他でやって1000円以上にすることができるのかしら❓と不安です。
今は、ChatGPTを使ってネーミング案件でコンペに参加し始めました。
どれをやっていったらいいのか、わからなくなってます😭",2026-04-15 14:19:00
26,189,島崎　麻衣,me,"今の状況で迷うのは自然ですし、まず結論からいうと、今はあれこれ広げすぎず、ライティング案件を主軸にして進めるで大丈夫です。
最初に詐欺っぽい案件に当たると怖くなりますし、年齢条件があると応募しづらくなるのもよく分かります。
ただ、その中で方向を見失いやすいので、アンケート・ネーミングコンペ・データ入力まで広げすぎると、余計に何を積み上げるのか分かりにくくなりやすいです。
なので今は、ライティング案件を探す・怪しいものは避ける・年齢条件がないものに絞って応募する
この形で進めるのがおすすめです❗
アンケート5円案件は、操作に慣れる目的ならありですが、収益の柱にはなりにくいです。
ネーミングコンペも当たればよいですが、安定しにくいので、主軸には向きません。
つまり今は、メインはライティング、アンケートやコンペは補助程度この整理で大丈夫です。
いったんやることを絞って、またブレないように進めていきましょう❗",2026-04-15 17:47:00
27,189,,you,"わかりました。
ありがとうございます！
案件をやらなすぎて、ChatGPTを触る機会が無さすぎて、ネーミングコンペはChatGPTを使う手段としてやってました。
アンケートは成功体験でした。
とりあえず、お金もらう体験。
もう6ヶ月過ぎてしまったので、こんなに収入を上げられないのは、自分の努力不足なのでは！と焦ってました。
ライティングを検索しつつ、LINEスタンプとか塗り絵とか空いた時間をやってもいいですか❓",2026-04-15 18:13:00
28,189,島崎　麻衣,me,"LINEスタンプを進めること自体は問題ありません❗
ただし、それをメインに切り替えるのではなく、必ずクラウドソーシングの応募と並行して進めてください。
今の段階でLINEスタンプだけに寄せてしまうと、収益化まで時間がかかる可能性がありますし、土台がないまま別のことに広がってしまいやすいです。
そのため、LINEスタンプはあくまで空き時間で進める形にして、まずはクラウドソーシングで応募・受注・実績作りを止めないことが大事です。
進め方としては、クラウドソーシングの応募を継続する、そのうえで空いた時間でLINEスタンプを進める
この順番でお願いします❗
やりたいことを増やすのは構いませんが、応募が止まる進め方にはしないようにしていきましょう。",2026-04-15 20:06:00
29,189,,you,"了解です🫡
ライティングがメイン、あとはPC操作の手段と考えています。
ありがとうございました(ありがとう)",2026-04-15 20:09:00
30,189,島崎　麻衣,me,引き続き、進めていきましょう❗,2026-04-15 20:33:00
31,189,,you,,2026-04-15 21:17:00
32,198,島崎　麻衣,me,"まず認識としては、ライターは実績を積むためだけではなく、今後の収入の柱の一つとして育てていくものです❗
文章を書く力は副業全体でも活きますが、今は「練習だけ」と考えるより、クラウドソーシングを長期的な安定収入の基盤にしていくという捉え方で大丈夫です。
また、いきなり大きな金額を狙うのではなく、まず1万円、次に3万円、その先で継続案件や単価アップという形で、段階的に積み上げていくものです。
クラウドソーシングに限らず、どの副業も急に大きく収益化するわけではないので、実績を積む → 評価を高める → 単価を上げる、この流れを意識して進めていきましょう❗",2026-04-15 14:59:00
33,201,ウチダ,me,"まず前提として、
「できていない＝ダメ」ではなくて、
方向性に違和感を感じて立ち止まれている状態なので、かなり良いです❗
むしろそのまま違和感を無視して続ける方が危ないので、今回ご連絡いただけたのは正解だと思っています❗
内容も一通り確認しましたが、結論としては「やり方」よりも「進め方と優先順位」が少しズレている状態なので、ここは一度しっかり整理して軌道修正していきましょう❗
つまずいているポイントも明確なので、1つずつ明確にしていきましょうか❗
収益化に直結させやすいのがクラウドワークスなのでそこから整理していますが、中々本契約にならない状況でしょうか❓",2026-04-15 00:54:00
34,243,,you,"お疲れ様です。
とりあえず、この１件に応募しました。
初心者歓迎！この中から、1日おきに１件応募していきます。",2026-04-15 18:47:00
35,243,平林　結菜,me,応募した案件のリンクを送って頂けますか❓,2026-04-15 20:43:00
36,251,,you,"こんにちは
塗り絵は完成しましたが、
KDPの支払い受け取りでブラジルAmazonで止まってしまい
税務情報の画面にどうしても行けません。
GPTでだいぶ調べてみてやったのですがダメでした。
疲れ果てて停滞しています。
何か良い方法があればアドバイスをお願いします。",2026-04-15 18:56:00
37,251,平林　結菜,me,こんばんは❗現在とまっている場面のスクリーンショット送って頂けますか❓,2026-04-15 20:47:00
38,251,,you,これも調べてやってみました,2026-04-15 21:01:00
39,251,,you,これも英語にしろと言われたのでやってみましたがダメでした。,2026-04-15 21:04:00
40,275,,you,"おはようございます
嘘を書いても仕方がないので、正直に書きますね
パートの人員が減り仕事内容も増え疲れMAXな上に、Hulaの練習
本当に時間が無くて、手付かずです。
言い訳ですね😮‍💨
少しずつでも進て、やっていきます",2026-04-15 07:16:00
41,275,平林　結菜,me,"こんにちは❗
お仕事の負担が増えてなかなか手が回らないのは当然です。言い訳なんかではないですよ。
できる時に、無理のないペースで大丈夫です❗
小さな一歩でも、続けていけばちゃんと前に進めますので一緒に少しずつやっていきましょう❗",2026-04-15 14:31:00
42,276,島崎　麻衣,me,どのあたりで向いていないと感じられましたか❓,2026-04-15 12:37:00
43,276,,you,"・もともと文章を書くのも読むのも苦手
・身体で覚えるタイプなので経験値の無いものは理解し辛い
・他人と関わる事が苦手
・わからないので経験のある案件を探したが条件があり応募できる案件がない(AI禁止、20代限定、など)
ざっと思い当たるのはこんな感じです",2026-04-15 21:59:00
44,282,,you,"言葉足らずのため
再送します。
お世話になっております。
カリキュラムが終わり、
転職したので、
副業を諦めた瞬間があり
AIサポート専用LINEを削除してしまいました。
ですので トーク履歴が残っておりません。
以前、カリキュラム終了し
カリキュラム終了後のお電話頂いた後の
LINEトーク（削除済み）の部分から また始めさせて頂きたいのですが
再送、お願いできますか？
クラウドワークスも登録だけで
自己紹介文とかは未登録です。
よろしくお願いします。",2026-04-15 11:13:00
45,282,島崎　麻衣,me,"先程の面談で改めて状況をお聞きできて良かったです💡
これから案件の受注など、本格的に実践が始まりますので、目標達成に向けて一緒に頑張っていきましょう❗
引き続き、よろしくお願いします❗
これからクラウドワークスに登録し実践に入っていきます❗
しっかりサポートしていきますので気になったことは遠慮なく聞いてくださいね❗
まずはこちらを確認ください❗
読み終わりましたらご連絡ください❗
https://workable-sun-c26.notion.site/AI-2c38252adfa780f592bbd6868bace9fa?source=copy_link",2026-04-15 17:43:00
46,282,島崎　麻衣,me,"こちら楽天ROOMの資料になります❗一度ご覧ください❗
分からないこと等がありましたら遠慮なく聞いてくださいね💡
https://workable-sun-c26.notion.site/AI-ROOM-2af8252adfa780829b77fc0bff35f32d?source=copy_link",2026-04-15 17:43:00
47,282,島崎　麻衣,me,"こんにちは❗
しばらくご連絡が取れていない状態ですが、いかがでしょうか❓
上根さんにお知らせがあります❗
少し長くなりますが、収益化に関わる重要なお知らせですので、しっかりご確認ください❗
今回、上根さんの現在の状況を踏まえ、
より現実的に、より早く「収益が生まれる感覚」を掴んでいただくため、
収益化に向けたプログラムを 上根さん専用に作成させていただきました❗
その上で、本来は 2026年4月21日 を
サポート期間の目安としていましたが、
今回の新プログラムでの収益化を見据え、
サポート期間を本日から半年間延長させていただきます❗
※もちろん 上根さんの状況を見てこちらが判断したものなので、追加費用はかかりません。
2026年09月15日 が新たな修了目安となりますので、
それまでに収益化を目指していきましょう❗
そして、新プログラムとして
収益化により特化した実践用の資料をご用意しました❗
http://schoolai.biz/membership-login/
メールアドレス：kolwiin55@gmail.com パスワード：gjVbPHy2Wv9x
※下記に一緒に使用するロードマップ【案件収益行動シート】がありますので必ず一緒にご使用ください！
この新プログラムでは、まず最初の段階として
「1万の収益」を目指します。
これはゴールではなく、
「行動がお金に変わる」という勝ち証明を得るための第一段階です。
その後の目安は以下の通りです。
・3ヶ月目：月2〜5万（継続案件が出てくる）
・6ヶ月目：月5〜8万（案件選びに余裕が出てくる）
ここまで来れば、収益化の流れは
しっかり掴めている状態と言えます❗
また、上根さんご自身が
「どれくらい収益が生まれているのか」「次になにをしたらいいのか」を把握できるよう上根専用の「案件収益行動シート」を作成しました！
今後、一緒に使っていきますので、しっかり記入していきましょう❗
https://docs.google.com/spreadsheets/d/1dE1snsox3nGhEV3gXDALvD71onRv7V6goOdFLo4SFWc/edit
※新プログラムにあります準備Day等で、すでにクリアしている項目はチェックして構いません！
この後の流れは以下の通りです。
① 新プログラムに沿って進める
② 応募候補をピックアップ→実際に応募
③ 進めながら単価アップを狙う
不明点があれば、気軽に質問してくださいね❗
上根さんのこれまでの行動は、決して間違っていません❗
今後しっかり収益化に繋がっていきます❗
その上で今は、
収益化に向けて新たな行動を起こすフェーズです❗
一緒に頑張っていきましょう❗",2026-04-15 17:44:00
48,282,島崎　麻衣,me,資料が添付されているもののみ、履歴からお送りしましたが、こちらでお間違えないでしょうか❓,2026-04-15 17:45:00
49,282,,you,いえ、一切 こんな内容はLINEで送信されてませんでした,2026-04-15 17:51:00
50,282,,you,見たことも聞いたことも無い内容です！！！！！！！！！,2026-04-15 17:52:00
51,282,,you,ご返信よろしくお願いします！,2026-04-15 17:52:00
52,282,,you,あなた だれですか？,2026-04-15 17:53:00
53,282,島崎　麻衣,me,上根さんから、LINEを削除していたというご連絡がありましたので、面談後にお送りした資料等について再送をさせていただきました。,2026-04-15 19:10:00
54,282,,you,そうでしたか…承知しました,2026-04-15 19:46:00
55,282,,you,"でも 今までに
こんな内容のLINEくれてましたか？
そちらには 残ってるのではないですか？",2026-04-15 19:47:00
56,282,,you,"なんのことを言ってるのか
わかっていなくて すみません",2026-04-15 19:49:00
57,282,,you,すみません,2026-04-15 19:50:00
58,282,,you,"LINEを消さないと
新しいLINEメッセージがうけとれないみたいです。
時間を置くと、",2026-04-15 19:51:00
59,282,,you,このメッセージが表示されました,2026-04-15 19:52:00
60,282,,you,"このメッセージを見ていないとお伝えしました
それだけです",2026-04-15 19:53:00
61,282,島崎　麻衣,me,"♥YÜ♥
 
 
言葉足らずのため
再送します。
お世話になっております。
カリキュラムが終わり、
転職したので、
副業を諦めた瞬間があり
AIサポート専用LINEを削除してしまいました。
ですので トーク履歴が残っておりません。
以前、カリキュラム終了し
カリキュラム終了後のお電話頂いた後の
LINEトーク（削除済み）の部分から また始めさせて頂きたいのですが
再送、お願いできますか？
クラウドワークスも登録だけで
自己紹介文とかは未登録です。
よろしくお願いします。
 
 
 
 
 
 
 
 
LINEについては、ご自身で削除してしまったということでお間違えないでしょうか❓",2026-04-15 21:09:00
62,287,,you,"ありがとうございます。
一通りブラッシュアップしました。",2026-04-15 08:39:00
63,287,島崎　麻衣,me,全てのプロフィールを修正済みでしょうか❓,2026-04-15 15:35:00
64,287,,you,はい。,2026-04-15 15:35:00
65,287,,you,"クラウドワークスのプロフィール
https://crowdworks.jp/public/employees/6603114
ランサーズのプロフィール
https://www.lancers.jp/profile/miyazawaminoru0811
coconalaのプロフィール
https://coconala.com/users/5698004",2026-04-15 15:39:00
66,287,島崎　麻衣,me,クラウドワークスについても、修正済みでしょうか❓,2026-04-15 17:57:00
67,287,,you,"クラウドワークス
https://crowdworks.jp/employee
修正しました",2026-04-15 18:09:00
68,287,島崎　麻衣,me,"それでは、こちらで公開して、次は案件獲得のために進めていきましょう❗
まずは、良い案件を当てるよりも、変な案件を避けながら応募数（母数）を増やすのが大事です❗
【案件の探し方（検索のポイント）】
①自分の得意・興味のあるカテゴリを選ぶ
②「初心者OK」「未経験OK」「在宅OK」などで絞り込み
※「初心者歓迎」は勧誘系が混ざりやすいので注意してください❗
③気になる案件があれば、まずは応募してみる→ 小さな経験が、自信とスキルアップにつながります。
【狙うべき案件／避けたい案件】
・狙うべき案件
未経験OKが明記されている
マニュアルあり
テストライティングあり（できれば有償）
最初は低単価でもOK（慣れるフェーズ）
⚠️避けたい案件
高単価なのに説明が薄い
LINE追加など外部誘導が必須
契約前に作業させようとする
資格取得や有料ツール購入を促すタイプ
クラウドワークスは、何件応募したかも大切ですが、何よりどんな案件に応募したか？が重要です❗
勧誘系に当たり続けると、応募数を増やしても成果が出ません。
好条件に見える案件があっても、最初は必ず疑ってかかるくらいでちょうど良いです。
クラウドワークス公式でも注意喚起されていますので、該当ページもお送りしますね。
 blog.crowdworks.jp/archives/6239/ 
一度しっかり目を通しておくと、案件の見極めが一気にラクになりますよ。
また、案件内容だけでなく、発注者の条件も必ず確認するようにしましょう❗
具体的には、まず、本人確認済みになっているかを確認してみてください。
これはトラブル防止のためにも大切なポイントです。
次に評価ですが、★4.8以上、もしくは評価数が10件以上ある発注者を目安にすると安心です。
あわせて、ルール回答済みやプロジェクト完了率が表示されている場合は、きちんと確認しておくと安全です❗
【応募文（提案文）のコツ】
初心者がやりがちなNGは、長すぎる、熱意だけ、自分語り多めです。
通りやすい型はこれです❗
・自己紹介（1〜2行）
・案件への理解・共感
・丁寧に対応できること
・指示やマニュアルを守れること
上手い文章より、扱いやすそう・丁寧そうな人が選ばれます。
【進めていくうえでの考え方】
10件応募 → 1〜2件反応があれば正常
返事ゼロの日があって当たり前
落ちた＝否定ではない
※今は精度を上げるより、母数を増やすフェーズです。
【初心者のNG⚠️】
仮払い前に作業しない
契約前の外部ツール面談は慎重に
年齢など条件に合わない案件は深追いしない
1件に時間をかけすぎない（切り替え大事）
初心者でも取り組みやすく、継続につながりやすいのは、リサーチ系／Webライティング／レビュー記事／まとめ記事／体験談あたりです❗
次のステップに進むためにも、クラウドソーシングで案件を獲得することから、始めていきましょう。
不安な案件があれば、応募前に案件ページのリンクを送ってもらえれば一緒に判断しますので、その都度ご連絡くださいね❗",2026-04-15 18:20:00
69,304,平林　結菜,me,"こんにちは❗
その後いかがでしょうか❓",2026-04-15 09:49:00
70,304,,you,"お世話になっております
本業の方で異動があり中々生活リズムが取れなくアカウント取得後あまり進んでいません。
もう少ししたら落ち着くと思うので落ち着いたら再開いたします",2026-04-15 19:56:00
71,304,島崎　麻衣,me,"わかりました❗
お忙しい時期かと思いますが、少しずつでも進めていきましょう。",2026-04-15 20:05:00
72,309,土屋,me,以前より返金条件は満たされているか伺っておりますが、具体的に表記されていますのでご確認下さい。,2026-04-15 11:24:00
73,309,,you,"具体的に表記されているとのことですが、当方では該当条項を特定できていません。
つきましては、
・該当する条項（条番号）
・本件との具体的な該当理由
を明示のうえ、説明してください。
なお、本件の判断をこちらに委ねる形ではなく、返金対象外であるかについては、御社としての判断を明確に回答してください。",2026-04-15 19:58:00
74,314,,you,"お世話になっております。
5/3で忌明けになりますので
とりあえず5/10～から再開しようと
おもいます。",2026-04-15 21:12:00
75,317,平林　結菜,me,"こんにちは❗
その後いかがでしょうか❓",2026-04-15 09:50:00
76,317,,you,"こんにちは。
ご連絡ありがとうございます。
すみません💦 4月から始めたフルタイムの仕事が思いのほか 忙しく、慣れないせいもあり 、ライティングの方は 進んでません
サポートしてくださってるのに すみません(すみません)",2026-04-15 12:45:00
77,317,島崎　麻衣,me,サポート修日は、2026/5/11となりますので、少しずつでも進めていきましょう❗,2026-04-15 16:58:00
78,317,島崎　麻衣,me,サポート修了日は、2026/5/11となりますので、少しずつでも進めていきましょう❗,2026-04-15 16:58:00
79,317,,you,はい。すみません🙇‍♀️,2026-04-15 17:05:00
80,317,島崎　麻衣,me,お忙しい時期かと思いますが、収益化のために、少しずつペースを整えながら進めていきましょう❗,2026-04-15 18:10:00
81,317,,you,すみません🙇‍♀️,2026-04-15 19:15:00
82,317,島崎　麻衣,me,スピード感を持って、引き続き進めていきましょう。,2026-04-15 19:37:00
83,317,,you,"はい。進めてみます。
よろしくお願いいたします🙇‍♀️",2026-04-15 22:22:00
84,326,島崎　麻衣,me,"進捗共有ありがとうございます❗
応募は継続できていて良いですし、条件が合わない案件を辞退できているのも問題ありません。
無理に進めてしまうより、合わないものは早めに見切る判断のほうが大事です。
現在4件応募中とのことなので、今はその結果を見つつ、引き続き新しい案件も探していきましょう❗",2026-04-15 14:53:00
85,327,平林　結菜,me,"こんにちは❗
その後いかがでしょうか❓",2026-04-15 09:52:00
86,327,,you,"最近は丁寧なお断りだけです。
前から思っておりましたが、40歳になると、途端に応募枠が少なくなる印象です。
20〜30代に向けて、同世代からのライティングの依頼が多いように感じます。
クラウドワークスのライティング以外も探した方がよろしいのでしょうか？",2026-04-15 10:53:00
87,327,島崎　麻衣,me,ライティング以外とは、例えばどういったものを考えていますか❓,2026-04-15 17:42:00
88,327,,you,ノートなどがあったので、そちらなどはどうなんだろう？と思ってました！,2026-04-15 18:05:00
89,327,島崎　麻衣,me,"今は他のことを探すのではなく、ライティングで進めてください。。
noteなどが気になる気持ちは分かりますが、今の段階で広げると手が分散しやすくなります
まずはクラウドワークスで、応募・受注・納品の流れに慣れて、実績を積むことが先です。
もし今後noteをやるとしても、まずライティングを進めていればその経験は活きます。
なので今は、他に広げずライティングに集中して進めていきましょう❗",2026-04-15 19:59:00
90,327,,you,"承知いたしました。
ありがとうございます。",2026-04-15 20:01:00
91,327,島崎　麻衣,me,引き続き、よろしくお願いいたします。,2026-04-15 20:04:00
92,327,,you,こちらこそ宜しくお願いいたします。,2026-04-15 20:04:00
93,327,島崎　麻衣,me,よろしくお願いいたします。,2026-04-15 20:05:00
94,331,,you,"ご連絡ありがとうございます。
お休みさせて頂いてる状態ですが、こうしてる間でもカリキュラムの一つでもしたら良いのですが、気持ちもついていかないし、実生活で、外に働きに行ったり色々な問題がありますので、萎えてます。
できない理由を並べ出したら、もう諦めてる状態です。
出来る気がしないです。",2026-04-15 08:22:00
95,331,島崎　麻衣,me,"ご連絡ありがとうございます。
今は4月末までサポート休止中ですので、まずはそちらを優先して大丈夫ですよ。
無理に今動こうとしなくても問題ありませんし、気持ちが追いつかない中で無理に進めても続きにくいので、まずは生活面を整えて再開できる状態を作ることを優先してください。
休止期間が明けたら、またその時点の状況に合わせて進め方を整理していきましょう❗",2026-04-15 15:30:00
96,336,,you,"おつかれさまです！
修正しましたので確認お願いいたします🙇‍♀️",2026-04-15 18:21:00
97,336,島崎　麻衣,me,"全体として、読みやすくて方向性は良いです❗
ターゲットも明確で、構成もまとまっています。
ただ、少し一般的で無難な印象なので、どんな場面で助かったのか、どのくらいラクになったのかが分かる具体例をもう少し入れると良くなります❗
大きく崩れているわけではないので、具体例を少し足して、見出しを少し読者目線に寄せる、この修正ができると、ポートフォリオとしてより強くなりますよ。",2026-04-15 20:51:00
98,336,,you,"わかりました！
少し具体例を足してみます！
ありがとうございます🙇‍♀️",2026-04-15 21:30:00
99,339,,you,"かしこまりました！
意識して取り組んでみます！",2026-04-15 22:48:00
100,340,島崎　麻衣,me,②の枠が埋まっているおり、最短のご案内が4/28 15:00~となりますが、ご都合いかがでしょうか❓,2026-04-15 11:43:00
101,341,ウチダ,me,"その条件で言うと無在庫販売になりますね❗
Noteは収益化までにやや時間かかりますし、商材販売されている方も多いので注意が必要ですね❗",2026-04-15 00:49:00
102,341,,you,"おはようございます。
無在庫販売にもいろんなジャンルがあると思いますがどのジャンルが1番効率よいのですか？",2026-04-15 08:58:00
103,341,島崎　麻衣,me,"このジャンルが一番効率が良い！と先に決めて探す考え方はあまりおすすめしません。
Etsyの無在庫販売は、競合の多さ・単価・利益率・制作しやすさ・リサーチのしやすさでかなり変わるので、誰にとっても一番効率の良いジャンルはありません。
むしろ大事なのは、自分が継続して出品できるか？競合が強すぎないか？売れている商品に共通点があるかを自分でリサーチして判断することが大切です❗",2026-04-15 09:51:00
104,345,,you,"おはようございます。
昨夜3件目の案件を受注しました。本日中には完了させたいと思っております！
この後は、プロジェクト案件や高報酬の案件への応募をすすめていく流れを新プログラムにて確認しました。今まで応募していたような初心者案件等も同時に応募していくほうが良いのでしょうか。",2026-04-15 08:39:00
105,345,島崎　麻衣,me,"こんにちは❗共有ありがとうございます。
3件目の受注、とても良い流れですね。
まずは今回の案件をしっかり完了させていきましょう。
そのうえで、今後はプロジェクト案件や少し高めの報酬案件にも広げていって大丈夫です。
ただし、まだ受注の流れを安定させている途中なので、初心者向け案件も完全には切らず、並行して見ていくのがおすすめです。
つまり、高報酬案件にも挑戦する、初心者向け案件も保険として残す、この両方で進めるイメージです❗
特に今は、実績が増えてきている良い時期なので、少し上を狙いながら、受注の流れを止めないことを意識して進めていきましょう❗",2026-04-15 15:34:00
106,345,,you,"ありがとうございます。
無事3件目も終了しました。
継続して案件獲得していくことを意識しつつ、高報酬案件やプロジェクトにも応募してみます。",2026-04-15 18:34:00
107,345,平林　結菜,me,"3件目の終了、おめでとうございます❗
着実に実績が積み上がっていてとても良い流れですね❗
継続案件を意識しながら高報酬案件やプロジェクトにも少しずつ挑戦していきましょう。
今の積み重ねが今後の単価アップにもつながっていきます❗",2026-04-15 20:25:00
108,350,,you,"クラウドワークス、ココナラ、ランサーズ
登録出来ました。",2026-04-15 16:11:00
109,350,島崎　麻衣,me,"それでは、次はプロフィールを作成していきましょう❗
作成が完了しましたら、ご連絡お待ちしております。",2026-04-15 17:59:00
110,350,,you,この3つのプロフィールを作成すればいいのですか,2026-04-15 18:11:00
111,350,島崎　麻衣,me,はい、プロフィール作成が完了しましたら、ご連絡お待ちしております。,2026-04-15 19:39:00
112,368,島崎　麻衣,me,"ひより
 
 
 
 
 
 
 
 
 
 
こちらの画像のファイルの選択から添付出来ませんか❓",2026-04-15 11:46:00
113,368,,you,ポートフォリオはまた別欄かと思っていました。ファイル添付、GoogleドキュメントのURLですね。,2026-04-15 11:50:00
114,368,,you,また運用状況は説明だけでアカウントは出さなくてよいでしょうか。3月から放置状態です。,2026-04-15 11:53:00
115,368,島崎　麻衣,me,"ひより
 
 
ポートフォリオはまた別欄かと思っていました。ファイル添付、GoogleドキュメントのURLですね。
 
 
 
 
 
 
 
 
画面全体が見えませんが、恐らくそちらで問題ないかと思います。",2026-04-15 11:57:00
116,368,島崎　麻衣,me,"ひより
 
 
また運用状況は説明だけでアカウントは出さなくてよいでしょうか。3月から放置状態です。
 
 
 
 
 
 
 
 
これは、何の運用状況でしょうか❓",2026-04-15 11:58:00
117,368,,you,xやThreadsです,2026-04-15 11:59:00
118,368,島崎　麻衣,me,"ひより
 
 
xやThreadsです
 
 
 
 
 
 
 
 
こちらについては記載しなくても大丈夫ですよ。",2026-04-15 12:29:00
119,368,,you,わかりました。,2026-04-15 12:30:00
120,368,島崎　麻衣,me,引き続き、進めていきましょう❗,2026-04-15 12:54:00
121,368,,you,実はその他YouTubeも放置チャンネルがあり、収益化は夢の夢です。,2026-04-15 17:47:00
122,368,島崎　麻衣,me,まずは、ライティング案件を取る、納品する、評価を積む、この流れを作ることを優先していきましょう❗,2026-04-15 19:49:00
123,371,平林　結菜,me,"こんにちは❗
その後いかがでしょうか❓
少しでも進められていたらぜひ教えて頂けると助かります❗",2026-04-15 10:36:00
124,374,平林　結菜,me,"こんにちは❗
その後いかがでしょうか❓",2026-04-15 10:33:00
125,374,,you,"おはようございます。
クラウドワークス、ランサーズに応募していますが、ダメです。
Etsyは作成中で、もう少しで商品完成です。
半年の期間内で、副業として、成り立ちそうにないと絶望を感じている所です。",2026-04-15 10:51:00
126,374,島崎　麻衣,me,"こんにちは❗
活動記録シートを確認しましたが、クラウドソーシングの応募状況・Etsyの出品等について、1/30以降の確認が取れませんでした。
1日何件応募されていますか❓また、Etsyの制作スピードはどのようになりますでしょうか❓",2026-04-15 15:51:00
127,374,,you,"こんばんは。
活動記録シートの存在をすっかり、忘れていました💦
1日2～3件応募しています。
Etsyは、クラウドソーシングの検索応募の後、1日1時30分～2時間以内の活動です。",2026-04-15 18:52:00
128,374,島崎　麻衣,me,クラウドソーシングの応募については増やすことは出来そうですか❓,2026-04-15 19:22:00
129,379,島崎　麻衣,me,現状の操作画面のスクリーンショットをお送りいただけますか❓,2026-04-15 09:53:00
130,379,島崎　麻衣,me,まず、ブラウザではなく、アプリで開いてください。,2026-04-15 19:12:00
131,379,平林　結菜,me,1つ前のページに戻りワークスペースをご自身のワークスペースに切り替えてみてください,2026-04-15 20:26:00
132,379,平林　結菜,me,新規ページが開けましたので課題作成していきましょう❗,2026-04-15 21:03:00
133,379,,you,これから進めていきます。,2026-04-15 21:22:00
134,380,,you,"ポートフォリオにのせる
サンプル記事をaiでつくってみたのですが、
これで大丈夫でしょうか？
太字や、ライン、などでai感が丸出しかなと(sweat)",2026-04-15 14:10:00
135,380,,you,"コピーを添付しますね↓
---
# 家事・育児・仕事と自分の時間のバランスを取る方法｜忙しい毎日でも心に余裕をつくるコツ
## 結論｜家事・育児・仕事と自分時間は「全部やろうとしない」ことがカギ
家事・育児・仕事をこなしながら、自分の時間まで確保するのは簡単なことではありません。「毎日やることに追われて、自分の時間なんてまったくない」と感じている方も多いのではないでしょうか。
結論からお伝えすると、すべてを完璧にこなそうとしないことが、バランスを取る最大のポイントです。家事も育児も仕事も、全部を100点でやろうとすると時間も心も足りなくなってしまいます。
大切なのは「何を優先するか」を決め、「やらないこと」を選ぶことです。少し手を抜く勇気や、周りに頼る意識を持つことで、はじめて自分の時間が生まれます。
---
## 家事・育児・仕事で自分の時間がなくなる理由
自分の時間が取れないのには、明確な理由があります。多くの主婦が同じような状況に置かれているため、まずはその原因を整理してみましょう。
### 役割が多すぎて常に時間に追われている
主婦であり、母であり、さらに仕事もしている場合、1日の中でこなす役割は非常に多くなります。朝は家事と子どもの準備、日中は仕事、帰宅後はまた家事と育児。休む間もなく時間が過ぎていくのが現実です。
### オンとオフの切り替えができない
仕事が終わっても、すぐに家事や育児が始まるため、「休む時間」がありません。常に何かをしている状態が続き、心も体もリセットするタイミングを失ってしまいます。
### 自分を後回しにする思考
「自分のことはあとでいい」「家族が優先」という考え方は、とても自然ですが、その結果として自分の時間はどんどん削られていきます。気づいたときには、まったく余裕がなくなっていることも少なくありません。
---
## バランスを取るための考え方｜まず意識を変える
時間を生み出すためには、まず考え方を変えることが重要です。行動を変える前に、意識を整えることで、無理なくバランスが取れるようになります。
### 完璧主義を手放す
家事も仕事も、すべてを完璧にこなす必要はありません。たとえば「今日は簡単な食事でいい」「掃除は最低限でOK」といったように、基準を少し下げるだけで負担は大きく減ります。
### 優先順位を明確にする
その日、そのときに「一番大切なことは何か」を考えることが重要です。すべてを同時にやろうとするのではなく、優先順位をつけることで、無駄な焦りが減り、効率よく動けるようになります。
### 「やらないことリスト」を作る
時間を作るには、何かを減らす必要があります。毎日やらなくてもいい家事や、省略できる作業を見直して、「やらないこと」を決めることで、余白の時間が生まれます。
---
## 家事・育児・仕事と自分時間を両立する具体的な方法
ここでは、忙しい中でも実践しやすい具体的な方法をご紹介します。無理のない範囲で取り入れてみてください。
### 家事は徹底的に効率化する
作り置きや冷凍食品を活用する、洗濯や掃除をルーティン化するなど、家事の効率化は大きなポイントです。また、食洗機やロボット掃除機などの時短家電を取り入れることで、日々の負担を軽減できます。
### 仕事の時間管理を見直す
仕事中の時間の使い方も見直してみましょう。タスクを整理し、優先順位をつけることで無駄な時間を減らせます。短時間でも集中して取り組むことで、効率は大きく上がります。
### 育児は「一人で抱えない」工夫
育児を一人で抱え込むと、どうしても負担が大きくなります。パートナーや家族に頼ること、場合によっては外部サービスを利用することも選択肢のひとつです。「頼ること＝悪いこと」ではありません。
### スキマ時間を自分時間に変える
まとまった時間が取れなくても、5分や10分のスキマ時間を活用することで、自分の時間を作ることができます。好きな音楽を聴く、少しだけスマホで趣味を楽しむなど、小さなリフレッシュを積み重ねることが大切です。
---
## 自分の時間を持つことで得られる変化
自分の時間を持つことは、単なる息抜きではなく、生活全体に良い影響をもたらします。
### 心と体に余裕が生まれる
少しでも自分のための時間があると、気持ちがリセットされ、ストレスが軽減されます。余裕が生まれることで、日々の忙しさにも前向きに向き合えるようになります。
### 仕事や家事のパフォーマンスが上がる
しっかりリフレッシュすることで、集中力や効率が上がり、結果的に仕事や家事の質も向上します。「休むこと」は決して無駄ではなく、必要な時間です。
### 家族関係が良好になる
自分に余裕があると、家族にも優しく接することができます。イライラが減り、コミュニケーションも円滑になることで、家庭全体の雰囲気が良くなります。
---
## まとめ
家事・育児・仕事と自分の時間のバランスを取るためには、「全部を完璧にやろうとしないこと」が何より大切です。少し意識を変え、やることを減らし、効率化することで、無理なく自分の時間を作ることができます。
忙しい毎日の中でも、自分を大切にする時間は必要不可欠です。まずはほんの少しの時間からでも構いません。できることから始めて、少しずつ理想のバランスに近づけていきましょう。",2026-04-15 14:11:00
136,380,,you,"あと、WordPressを教えていただけないでしょうか？
cwで募集をみていると結構見かけます。",2026-04-15 14:13:00
137,380,島崎　麻衣,me,"tomo
 
 
コピーを添付しますね↓
---
# 家事・育児・仕事と自分の時間のバランスを取る方法｜忙しい毎日でも心に余裕をつくるコツ
## 結論｜家事・育児・仕事と自分時間は「全部やろうとしない」ことがカギ
家事・育児・仕事をこなしながら、自分の時間まで確保するのは簡単なことではありません。「毎日やることに追われて、自分の時間なんてまったくない」と感じている方も多いのではないでしょうか。
結論からお伝えすると、すべてを完璧にこなそうとしないことが、バランスを取る最大のポイントです。家事も育児も仕事も、全部を100点でやろうとすると時間も心も足りなくなってしまいます。
大切なのは「何を優先するか」を決め、「やらないこと」を選ぶことです。少し手を抜く勇気や、周りに頼る意識を持つことで、はじめて自分の時間が生まれます。
---
## 家事・育児・仕事で自分の時間がなくなる理由
自分の時間が取れないのには、明確な理由があります。多くの主婦が同じような状況に置かれているため、まずはその原因を整理してみましょう。
### 役割が多すぎて常に時間に追われている
主婦であり、母であり、さらに仕事もしている場合、1日の中でこなす役割は非常に多くなります。朝は家事と子どもの準備、日中は仕事、帰宅後はまた家事と育児。休む間もなく時間が過ぎていくのが現実です。
### オンとオフの切り替えができない
仕事が終わっても、すぐに家事や育児が始まるため、「休む時間」がありません。常に何かをしている状態が続き、心も体もリセットするタイミングを失ってしまいます。
### 自分を後回しにする思考
「自分のことはあとでいい」「家族が優先」という考え方は、とても自然ですが、その結果として自分の時間はどんどん削られていきます。気づいたときには、まったく余裕がなくなっていることも少なくありません。
---
## バランスを取るための考え方｜まず意識を変える
時間を生み出すためには、まず考え方を変えることが重要です。行動を変える前に、意識を整えることで、無理なくバランスが取れるようになります。
### 完璧主義を手放す
家事も仕事も、すべてを完璧にこなす必要はありません。たとえば「今日は簡単な食事でいい」「掃除は最低限でOK」といったように、基準を少し下げるだけで負担は大きく減ります。
### 優先順位を明確にする
その日、そのときに「一番大切なことは何か」を考えることが重要です。すべてを同時にやろうとするのではなく、優先順位をつけることで、無駄な焦りが減り、効率よく動けるようになります。
### 「やらないことリスト」を作る
時間を作るには、何かを減らす必要があります。毎日やらなくてもいい家事や、省略できる作業を見直して、「やらないこと」を決めることで、余白の時間が生まれます。
---
## 家事・育児・仕事と自分時間を両立する具体的な方法
ここでは、忙しい中でも実践しやすい具体的な方法をご紹介します。無理のない範囲で取り入れてみてください。
### 家事は徹底的に効率化する
作り置きや冷凍食品を活用する、洗濯や掃除をルーティン化するなど、家事の効率化は大きなポイントです。また、食洗機やロボット掃除機などの時短家電を取り入れることで、日々の負担を軽減できます。
### 仕事の時間管理を見直す
仕事中の時間の使い方も見直してみましょう。タスクを整理し、優先順位をつけることで無駄な時間を減らせます。短時間でも集中して取り組むことで、効率は大きく上がります。
### 育児は「一人で抱えない」工夫
育児を一人で抱え込むと、どうしても負担が大きくなります。パートナーや家族に頼ること、場合によっては外部サービスを利用することも選択肢のひとつです。「頼ること＝悪いこと」ではありません。
### スキマ時間を自分時間に変える
まとまった時間が取れなくても、5分や10分のスキマ時間を活用することで、自分の時間を作ることができます。好きな音楽を聴く、少しだけスマホで趣味を楽しむなど、小さなリフレッシュを積み重ねることが大切です。
---
## 自分の時間を持つことで得られる変化
自分の時間を持つことは、単なる息抜きではなく、生活全体に良い影響をもたらします。
### 心と体に余裕が生まれる
少しでも自分のための時間があると、気持ちがリセットされ、ストレスが軽減されます。余裕が生まれることで、日々の忙しさにも前向きに向き合えるようになります。
### 仕事や家事のパフォーマンスが上がる
しっかりリフレッシュすることで、集中力や効率が上がり、結果的に仕事や家事の質も向上します。「休むこと」は決して無駄ではなく、必要な時間です。
### 家族関係が良好になる
自分に余裕があると、家族にも優しく接することができます。イライラが減り、コミュニケーションも円滑になることで、家庭全体の雰囲気が良くなります。
---
## まとめ
家事・育児・仕事と自分の時間のバランスを取るためには、「全部を完璧にやろうとしないこと」が何より大切です。少し意識を変え、やることを減らし、効率化することで、無理なく自分の時間を作ることができます。
忙しい毎日の中でも、自分を大切にする時間は必要不可欠です。まずはほんの少しの時間からでも構いません。できることから始めて、少しずつ理想のバランスに近づけていきましょう。
 
 
 
 
 
 
 
 
ご共有ありがとうございます❗
このままポートフォリオに載せるのはおすすめしません。
理由としては、太字や区切り線というより、全体的にAIっぽい無難な文章になっているからです。
読みやすくはありますが、一般論が多い・具体例が少ない・自分の言葉や視点が見えにくいので、文章力の証明としては少し弱いです。
載せるなら、具体的な場面を入れる・表現を自分の言葉に直す・少し人間らしい文章に整える、この修正はした方がよいです。",2026-04-15 20:38:00
138,380,島崎　麻衣,me,"tomo
 
 
あと、WordPressを教えていただけないでしょうか？
cwで募集をみていると結構見かけます。
 
 
 
 
 
 
 
 
まずはライティングという方向性で、文章力を磨くことを優先していきましょう。
たしかにクラウドワークスではWordPress案件も見かけますが、今の段階で大事なのは、記事を書く力・分かりやすく伝える力・案件を受けて納品する流れに慣れることです。
WordPressは、あくまで入稿作業のためのツールなので、文章そのものが書けない状態で先にそこへ広げるのではなく、まずライティング案件で実績を作っていきましょう❗",2026-04-15 20:41:00
139,381,,you,"お疲れ様です。
添削して頂いたままでにしました。
https://crowdworks.jp/public/employees/4090748?ref=login_header",2026-04-15 12:03:00
140,381,,you,思いつきませんでした(bow),2026-04-15 12:04:00
141,381,島崎　麻衣,me,"それでは、こちらで公開して、次は案件獲得のために進めていきましょう❗
まずは、良い案件を当てるよりも、変な案件を避けながら応募数（母数）を増やすのが大事です❗
【案件の探し方（検索のポイント）】
①自分の得意・興味のあるカテゴリを選ぶ
②「初心者OK」「未経験OK」「在宅OK」などで絞り込み
※「初心者歓迎」は勧誘系が混ざりやすいので注意してください❗
③気になる案件があれば、まずは応募してみる→ 小さな経験が、自信とスキルアップにつながります。
【狙うべき案件／避けたい案件】
・狙うべき案件
未経験OKが明記されている
マニュアルあり
テストライティングあり（できれば有償）
最初は低単価でもOK（慣れるフェーズ）
⚠️避けたい案件
高単価なのに説明が薄い
LINE追加など外部誘導が必須
契約前に作業させようとする
資格取得や有料ツール購入を促すタイプ
クラウドワークスは、何件応募したかも大切ですが、何よりどんな案件に応募したか？が重要です❗
勧誘系に当たり続けると、応募数を増やしても成果が出ません。
好条件に見える案件があっても、最初は必ず疑ってかかるくらいでちょうど良いです。
クラウドワークス公式でも注意喚起されていますので、該当ページもお送りしますね。
 blog.crowdworks.jp/archives/6239/ 
一度しっかり目を通しておくと、案件の見極めが一気にラクになりますよ。
また、案件内容だけでなく、発注者の条件も必ず確認するようにしましょう❗
具体的には、まず、本人確認済みになっているかを確認してみてください。
これはトラブル防止のためにも大切なポイントです。
次に評価ですが、★4.8以上、もしくは評価数が10件以上ある発注者を目安にすると安心です。
あわせて、ルール回答済みやプロジェクト完了率が表示されている場合は、きちんと確認しておくと安全です❗
【応募文（提案文）のコツ】
初心者がやりがちなNGは、長すぎる、熱意だけ、自分語り多めです。
通りやすい型はこれです❗
・自己紹介（1〜2行）
・案件への理解・共感
・丁寧に対応できること
・指示やマニュアルを守れること
上手い文章より、扱いやすそう・丁寧そうな人が選ばれます。
【進めていくうえでの考え方】
10件応募 → 1〜2件反応があれば正常
返事ゼロの日があって当たり前
落ちた＝否定ではない
※今は精度を上げるより、母数を増やすフェーズです。
【初心者のNG⚠️】
仮払い前に作業しない
契約前の外部ツール面談は慎重に
年齢など条件に合わない案件は深追いしない
1件に時間をかけすぎない（切り替え大事）
初心者でも取り組みやすく、継続につながりやすいのは、リサーチ系／Webライティング／レビュー記事／まとめ記事／体験談あたりです❗
次のステップに進むためにも、クラウドソーシングで案件を獲得することから、始めていきましょう。
不安な案件があれば、応募前に案件ページのリンクを送ってもらえれば一緒に判断しますので、その都度ご連絡くださいね❗",2026-04-15 17:45:00
142,381,,you,ありがとうございます。,2026-04-15 18:05:00
143,381,島崎　麻衣,me,"ぜひ、参考に進めてみて下さい❗
不明点等ございましたら、その都度ご連絡ください。",2026-04-15 18:12:00
144,387,島崎　麻衣,me,ちなみに、「他のお仕事」というのは、どのようなお仕事をイメージされていますか❓,2026-04-15 12:35:00
145,387,,you,物販系でYouTubeで話されているのはダメでしょうか？,2026-04-15 12:40:00
146,387,,you,https://youtu.be/xILSX8DC52E?si=vFkmzWASup17AIr0,2026-04-15 12:42:00
147,388,,you,"おはようございます。
活動記録シートというのは
案件収益行動シートとは違いますか？",2026-04-15 07:09:00
148,388,平林　結菜,me,"こんにちは❗
こちらのシートになります❗
https://docs.google.com/spreadsheets/d/1XwJLprJKnZ4DGHBRSvAzFWWkvG8OQPqDrhlMW8ock48/edit?usp=drivesdk",2026-04-15 12:42:00
149,391,平林　結菜,me,引き続きよろしくお願いします❗,2026-04-15 11:44:00
150,393,島崎　麻衣,me,"こんにちは❗かなり良い動きができていますね。
楽天ROOMについては、セールに気づいてすぐ5商品出せたのは良い判断です。
セール時は、まずタイミングを逃さず出すことも大事なので、今回はその動きで問題ありません❗
そのうえで、自分の言葉で「どう楽になるか」まで意識できているのも良いです。
コレクション導線も入れられていて、しっかり改善できています。
クラウドソーシングについても、再応募・不要案件の見極め・新規応募4件と、バランスよく進められています。
特に、怪しい案件を再度辞退できた判断は良かったです❗
安全性を見ながら進められているのは大きいです。
全体として、ROOMは継続しながら改善、クラウドソーシングは安全性を見ながら応募継続、という良い流れです。
このまま着実に積み上げていきましょう❗",2026-04-15 15:03:00
151,395,,you,"こんにちは
また返信遅くなり申し訳ありません！
介護に追われていてカリキュラム進められておらず、今日やっと少し時間が取れるので進めたいと思います",2026-04-15 11:06:00
152,395,島崎　麻衣,me,"こんにちは❗
サポート修了日は2026/6/21となりますので、スピード感を持って進めていきましょう。",2026-04-15 11:13:00
153,395,,you,"承知しました！
頑張ります！",2026-04-15 11:14:00
154,395,島崎　麻衣,me,ここからペースを整えながら進めていきましょう❗,2026-04-15 11:39:00
155,395,,you,承知いたしました🫡,2026-04-15 11:47:00
156,395,平林　結菜,me,引き続きよろしくお願いします❗,2026-04-15 11:59:00
157,395,,you,頑張ります！,2026-04-15 12:12:00
158,395,平林　結菜,me,,2026-04-15 12:38:00
159,395,,you,,2026-04-15 12:39:00
160,395,島崎　麻衣,me,,2026-04-15 12:52:00
161,403,,you,"こんばんは！
ご報告ですが、今応募してます案件中で、1件はキャンセルしました。もう1件は5月2日に仕事できます。また詳しい仕事内容は分からないですが、大体の内容はGhatGPT 使って、料理関係記事を作成の仕事らしいです。
また進捗ありましたら、報告いたします",2026-04-15 19:30:00
162,403,島崎　麻衣,me,"金本慧卿
 
 
こんばんは！
ご報告ですが、今応募してます案件中で、1件はキャンセルしました。もう1件は5月2日に仕事できます。また詳しい仕事内容は分からないですが、大体の内容はGhatGPT 使って、料理関係記事を作成の仕事らしいです。
また進捗ありましたら、報告いたします
 
 
 
 
 
 
 
 
こちらの案件の詳細ページの詳細について共有いただけますでしょうか❓",2026-04-15 19:35:00
163,403,,you,https://crowdworks.jp/public/jobs/13055236?ref=apiv1,2026-04-15 19:38:00
164,403,,you,これは見れますか？,2026-04-15 19:39:00
165,403,,you,もう1件は時間が合わなかったので、キャンセルしました。,2026-04-15 19:40:00
166,403,島崎　麻衣,me,"確認出来ました❗
応募については、並行して進められておりますでしょうか❓",2026-04-15 20:57:00
167,403,,you,並行して、ココナラも言語系で進めてます。また気に入ってる仕事見つかっていません。,2026-04-15 21:28:00
168,406,ウチダ,me,"僕は今生徒に教えることにフォーカスしているので一旦閉鎖しています❗
ステンドグラス風のアートはEtsyに出品されるということですか❓",2026-04-15 00:48:00
169,406,,you,"そうなんですか？💦
はい。
調べるとやはりステンドグラス風のアートの方が人気があるようなので、作成している途中で出品しようと思っていましたが…。",2026-04-15 07:31:00
170,406,,you,"なるほど。
何でも聞いて下さいと伝えて下さったのに、私は生徒ではなく、ただお金を取られたただけなのですね…。
このように、LINEでしかコンタクトが取れず、精神保健福祉士手帳2級持ちの私には理解し難いことが多かったのですが、
『それでも家族のために稼ぎたい！』
と伝えて、解約を止めてくださる親切な方だと思ってました。
とても悲しいですし、非常に残念です…。",2026-04-15 07:45:00
171,406,島崎　麻衣,me,"誤解があるようですが、サポートしないという意味ではありませんよ❗
僕のショップを今はお見せしていない、というだけです。
進め方としては前回お伝えした通り、まずは何を出品するかを決めることが先です❗
今の段階で他のショップや細かい説明文ばかり見ても、方向がまたぶれやすくなります。
ステンドグラス風で進めるのであれば、まずは最初に出す1商品を決める
ここに集中してください。
その商品が決まったら共有してくださいね❗
その段階で、商品説明・返品設定・見せ方は順番に整理していきますので、まずはそこまで進めていきましょう❗",2026-04-15 14:41:00
172,406,,you,"分かりました。
有り難うございます。",2026-04-15 14:43:00
173,406,島崎　麻衣,me,焦らなくても大丈夫なので、ひとつずつ一緒に進めていきましょう❗,2026-04-15 14:46:00
174,406,,you,"お世話になっております。
ステンドグラス風に作成してみましたが、どれも上手く生成出来なかったので、
『ステンドグラス風』
として、このようなテイストの画像をパズルにして、出品してみようと思います！",2026-04-15 19:10:00
175,406,島崎　麻衣,me,"ご共有ありがとうございます❗
率直にいうと、「ステンドグラス風」として出すのは少し注意した方がよいです。
今回の画像は、たしかに装飾感が強くてきれいですが、一般的にイメージされるステンドグラス特有の線の区切り、ガラス片がはまっているような表現、光が透ける質感はやや弱めです。
そのため、ステンドグラス風として出すと、見た人によっては少しズレを感じる可能性があります。
むしろ今の画像は、幻想的・装飾的・アンティーク調・ファンタジーアート風の方が近い印象です。
なので、出品するなら無理に「ステンドグラス風」と言い切るより、実際の見た目に近い表現に寄せるのがおすすめです❗
たとえば…
ornate floral bird art
fantasy bird illustration
decorative vintage-style artwork
のような方向で見せた方が自然です。
少し厳しめにいうと、作りたいテイスト名で押し切るより、出来上がった見た目に合わせて売り方を変える方が大事です。
Etsyでは、タイトルやタグと実物の印象がズレると反応が落ちやすいので、そこは合わせた方がよいです。
画像自体は世界観があってきれいなので、「ステンドグラスに寄せる」より「今の幻想的な装飾アートとして出す」方向の方が良いと思います。",2026-04-15 20:31:00
176,406,,you,"お世話になっております。
なるほどです！
承知しました。
細かく教えていただき、誠に有り難うございます。",2026-04-15 22:07:00
177,408,島崎　麻衣,me,ちなみに、応募についてですが、直近は4/10の2件のみとなりますでしょうか❓,2026-04-15 14:23:00
178,408,,you,"4/13、4/14のを記入していませんでした。
記入しました。",2026-04-15 20:35:00
179,408,島崎　麻衣,me,それでは、そちらについても記載して進めていきましょう❗,2026-04-15 21:03:00
180,410,ウチダ,me,先日もお伝えした通り、認識の違いがないようにお支払い先をお送りした際に一緒に添えていた内容をご確認ください。,2026-04-15 00:44:00
181,410,,you,"ご連絡ありがとうございます。
恐れ入りますが、当時の内容に
ついて正確に確認する必要が
あるため、お支払い時に
ご案内いただいた申込
フォームおよび利用規約の
該当箇所について、再度
ご提示いただけますでしょうか。
現時点では当該内容を
確認できておらず、具体的な
条項に基づく判断が
できない状況です。
また、当該内容が提示されない
ままでは、本件について適切な
判断および対応を行うことが
できません。
先日もご案内いただいている旨の
ご説明はありましたが、現時点で
確認できていない以上、改めての
ご提示が必要であると
考えております。
なお、本件については早期解決を
希望しておりますので、
本日より2日以内にご提示
いただけますようお願いいたします。
期限内にご提示いただけない
場合には、第三者機関への相談を
含めた対応を検討せざるを
得ませんので、あらかじめ
ご了承ください。
引き続き、返金についても
ご検討いただけますよう
お願いいたします。",2026-04-15 12:19:00
182,410,ウチダ,me,"https://form.qubo.jp/quk6pjeygzsy
上記のフォームになります。
こちらは初めにお送りしている内容で、事前にお読みいただいたうえでご同意いただいているものとなります。
再度ご確認ください。",2026-04-15 14:45:00
183,415,,you,１件反応ありました。,2026-04-15 12:59:00
184,415,島崎　麻衣,me,こちらについては進めている状況でしょうか❓,2026-04-15 16:59:00
185,415,,you,はい、了解です〜,2026-04-15 19:33:00
186,415,島崎　麻衣,me,進めているということで間違えないでしょうか❓,2026-04-15 19:34:00
187,415,,you,質問があります、ひとつの案件が数千円で月に数十万円て狙えるのですか？,2026-04-15 22:37:00
188,416,,you,やり取りの途中で、上記のような表示がされるクライアントさんが数名いらっしゃるのですが、この場合はもう、放置というか反応しないほうがよろしいのでしょうか?,2026-04-15 18:52:00
189,416,島崎　麻衣,me,"この表示が出ている相手は、クラウドワークス側で注意表示が出ている状態なので、基本的には無理にやり取りを続けない方が安全です。
そのため、今後は新たに返信しない・こちらから個人情報を出さない・外部連絡や誘導には乗らない、この対応で大丈夫です。
すでに進行中でも、少しでも不安があればそのまま止めてOKです❗",2026-04-15 19:21:00
190,416,,you,ありがとうございます。,2026-04-15 19:22:00
191,416,島崎　麻衣,me,また、なにかございましたら、いつでもご連絡ください。,2026-04-15 19:22:00
192,424,,you,"おはようございます。
GoogleのAntigravityインストールが出来なくて困っています
この後どうしたらよいのか
教えていただきたいです。
スクショ送ります。
真ん中のクリックヒアを押しても
画面が変わらないです。",2026-04-15 07:55:00
193,424,,you,"ClaudecodeでThreadsとメルマガの自動化が出来たので、
投稿がストックしてきたら
限定販売をしてみようと思っています。
今、コンテンツも自動作成しみました。
美容、副業、恋愛アカウント
まわさしてみて反応をみています。
Antigravityインストール出来たら
子供を亡くした方のためのサービスを企画したいと思っています。
よろしくお願いします。",2026-04-15 08:04:00
194,424,,you,"クラウドソーシング系は
ラィティングは来ても
LINE誘導→教材やスクールの販売
既に実績のある方の提案を採用されているので、
Threadsでもnote.Xでも、
SNSアカウントを持っている方が
副業実績なくても
提案見てもらえると思いました。
80件やりましたが、
その時間をClaudecodeに回した方が、デジタル資産をストック出来るので、シフトチェンジしました。",2026-04-15 08:12:00
195,424,島崎　麻衣,me,"まず整理していただきたいのは、今回はライティングで進める方針だったという点です❗
そのうえで、活動記録シートを確認しましたが、応募状況や結果についての記載、共有が一切ありません。
80件やったとのことですが、現状こちらではどの案件に応募したのか、どんな結果だったのか、何が原因で通らなかったのかが確認できない状態です。
この状態で自己判断で別のことへシフトしてしまうのは、進め方としておすすめできません。
まずやっていただきたいのは、その80件の応募結果を活動記録シートに記載することです❗",2026-04-15 18:44:00
196,424,,you,"コンサル料をお支払いしているので、お聞きしたいのですが、
ラィティングでの収益化で終わりですか？",2026-04-15 19:26:00
197,424,,you,おすすめしてくださった分野でも無理でした。,2026-04-15 19:28:00
198,424,,you,"GPTとNotionを活用
クラウドソーシング系に登録
そして、
クラウドソーシング系の現状が分かりました。
タイミーに登録してまだレジ打ちした方が確実に収入になると思いました。",2026-04-15 19:33:00
199,424,島崎　麻衣,me,確認のため、活動記録シートへの記入をお願い致します。,2026-04-15 19:36:00
200,424,,you,そこに固執されるんですね,2026-04-15 19:37:00
201,424,,you,"GAS✕Gemni☓APIで案件獲得するためにAI自動化した方が
まだいいと思います。
１人じゃ出来ないところが
今、出来るようになってきているので、やりながら修正していく
そんなスタイルの方が
私はいいです。",2026-04-15 19:52:00
202,425,平林　結菜,me,"こんにちは❗
その後いかがでしょうか❓",2026-04-15 10:30:00
203,425,,you,"さきほど収益ファイル更新しました。
ぼちぼちライティング案件してます。
継続は１件で今日そこの納品したところです。
以前動画編集の応募した案件で、台本作成の依頼があり今週末はそれにかかる予定です。
他に面談が土曜と翌週にあります。",2026-04-15 18:00:00
204,425,,you,"ちなみに以前提出したAIの記事に関してはこの状態では72点とのことでした。
85～94点が及第点、95以上なら即依頼ということでした。",2026-04-15 18:01:00
205,425,島崎　麻衣,me,"共有ありがとうございます❗
余裕があれば、他の案件にも応募をしながら進めていきましょう。",2026-04-15 20:22:00
206,425,,you,youtubeの台本が結構大変なのでおわってから次いきます,2026-04-15 20:27:00
207,425,島崎　麻衣,me,"わかりました❗
引き続き、進めていきましょう。",2026-04-15 20:28:00
208,428,平林　結菜,me,"こんにちは❗
その後いかがでしょうか❓",2026-04-15 09:47:00
209,428,,you,"こんばんは❗️
2件応募して募集終了となり待ち？見送り？となっております(sweat) なかなか条件に合う案件がなく焦っています(焦る)
このままのルートで大丈夫でしょうか❓(hopeless)",2026-04-15 21:03:00
210,436,平林　結菜,me,"こんにちは❗
その後いかがでしょうか❓",2026-04-15 10:30:00
211,436,,you,おはようございます。応募していますが、なかなか決まりません。簡単な口コミのようなものは仮払い済んでから、チャットに誘導されるのですが、クラウドワークスの規約違反ですよね？,2026-04-15 11:07:00
212,436,島崎　麻衣,me,まず、確認のためそちらの案件の詳細リンク、クライアントとのやり取り、クラウドワークス上の進行ステータスのスクリーンショットをご提示いただけますか❓,2026-04-15 11:11:00
213,436,,you,こちらです,2026-04-15 15:14:00
214,436,島崎　麻衣,me,案件の詳細のリンク共有についてもお願いいたします。,2026-04-15 15:18:00
215,436,,you,"https://crowdworks.jp/public/jobs/13031963
　　こちらです。",2026-04-15 18:10:00
216,436,島崎　麻衣,me,"えり
 
 
https://crowdworks.jp/public/jobs/13031963
　　こちらです。
 
 
 
 
 
 
 
 
お送りいただいたURLが確認出来ませんでしたので、案件の詳細のスクリーンショットをご提示いただけますか❓",2026-04-15 20:00:00
217,437,万福　杏夏,me,回答を受け付けました❗,2026-04-15 15:48:00
218,437,,you,電話はいつ頃きますか？,2026-04-15 15:48:00
219,437,土屋,me,お電話をされたと伺いましたが、ご連絡は来ていますか❓,2026-04-15 15:59:00
220,437,,you,来てないです,2026-04-15 15:59:00
221,437,土屋,me,みおままさんからもご連絡言ってるかと思いますが、確認取れますか❓,2026-04-15 17:07:00
222,437,,you,返信しましたが返ってこないです,2026-04-15 17:14:00
223,437,平林　結菜,me,"みおママからお伺いしました❗
再度日程調整したいと思いますのでご都合が良い日時3つ程教えていただけますか❓",2026-04-15 19:44:00
224,438,,you,"出産を挟んだことでちょっと遅れております！
この場で申し訳ないですが質問です。
トライアル50円、100円で継続案件はあるのでしょうか？記事だけ引き抜かれている気がするのですが、まだ数が足りてないのでしょうか？そういったものもどんどん応募すべきですか？",2026-04-15 10:06:00
225,438,島崎　麻衣,me,"こんにちは❗まずはご出産、本当にお疲れさまでした。
遅れが出るのは当然なので、その点は気にしすぎなくて大丈夫ですよ。
ご質問についてですが、トライアル50円・100円でも継続案件につながることはあります。
ただし、実際にはテストだけで終わる案件、記事だけ取られて終わるように感じやすい案件もあるのは事実です。
なので考え方としては、50円・100円案件をどんどん受け続けるのはおすすめしません。
特に…
・継続後の条件が書かれていない
・本採用後の単価が不明
・毎回テストばかり
このような案件は慎重に見たほうがよいです。
一方で、継続後の単価や流れがある程度見えている案件であれば、少額トライアルでも受ける意味はあります❗
なので今後は、何でも応募するのではなく、継続条件が見えるものを優先する、この意識で大丈夫です。
数を増やすことも大事ですが、低単価テストばかりに時間を使いすぎないようにしていきましょう❗",2026-04-15 15:46:00
226,443,平林　結菜,me,"こんにちは❗
その後いかがでしょうか❓",2026-04-15 10:29:00
227,443,,you,"応募すると色々と別の事業のお誘いだったりしますね。
継続希望のサイトには、申込できないので嘘もつけねいので避けています。
数百円ばかりでなかなか利益は上がらず
この２〜３日インスタでバタバタしていました。前回のGoogle検索のタイトルと説明文の作成は、ChatGPT利用可能なものでしたが、フィードバック会で好評価いただき１回でパスしました。
なのでまたお願いしますと言われて次のライティングの申請もして採用決定したのにその後の案件の説明が１日経ってもまだ来ません。
会社は、ちゃんとしてそうですが、いそがしいのかな＞
レイティングの案件を探していますが、返事が来たものがなんと男性の美容クリニックの口コミだったのでそれは無理と断りました。
こんな感じでライティングをチャレンジしようとしてもなかなかです。
こんなふうにこのカリキュラムをこなせないと次のステップにいけないのかと悩むところです。時間ばかりたちますね。",2026-04-15 23:05:00
228,450,,you,"ご担当者様
お疲れ様です。
今週はどうぶつマンダラを3点出品することができました。
現在、「他の悩み（感情）を解決するデザイン」を数種類テストしていくフェーズに入っていますが、このタイミングでどうぶつマンダラ以外の塗り絵も作成した方がよいでしょうか？
例えば、動物以外に花・植物、建物、風景など、テーマを広げてみることを検討しています。
ご判断いただけますと幸いです。
よろしくお願いいたします。",2026-04-15 13:51:00
229,450,島崎　麻衣,me,"まず確認したいのですが、動物マンダラ以外のテーマについても、実際にリサーチは出来ていますか❓
今の段階で花・植物、建物、風景まで広げる話をする前に、どのテーマに需要があるのか、競合や売れ筋を見たうえで判断することが大事です❗
リサーチがまだ浅い状態で広げると、作る数だけ増えて方向性がぶれやすくなります。
なので、まずは今の動物マンダラの反応確認、他テーマの需要・競合リサーチ、この順番で進めていきましょう。",2026-04-15 17:14:00
230,450,,you,今夜勤なので明日回答いたします🙇‍♀️,2026-04-15 22:08:00
231,453,島崎　麻衣,me,"継続案件の獲得おめでとうございます❗
ちなみに、内容について確認させていただきますので、前回の案件と今回の案件詳細のリンクを共有頂くことは可能でしょうか❓",2026-04-15 14:22:00
232,453,,you,https://crowdworks.jp/public/jobs/13014633,2026-04-15 15:20:00
233,453,,you,https://crowdworks.jp/public/jobs/13061076,2026-04-15 15:20:00
234,453,,you,"前回のと今回の案件リンクです。
もし見れない等ありましたらお知らせください🙇‍♀️",2026-04-15 15:21:00
235,453,島崎　麻衣,me,"さよ
 
 
https://crowdworks.jp/public/jobs/13061076
 
 
 
 
 
 
 
 
こちらについては確認が取れませんでしたので、クライアントページのスクリーンショットをお送りいただけますか❓",2026-04-15 17:56:00
236,453,,you,全体的に撮ったつもりですが、不足分がありましたらお知らせください🙇‍♀️,2026-04-15 18:03:00
237,453,島崎　麻衣,me,"ありがとうございます❗
石野さんが感じた違和感について、具体的にお教えいただけますでしょうか❓
お手すきの際で構いませんので、よろしくお願いいたします。",2026-04-15 19:53:00
238,455,平林　結菜,me,"こんにちは❗
その後いかがでしょうか❓",2026-04-15 09:53:00
239,459,,you,"こんにちは！昨日、クラウドワークスで自分に出来そうな案件を探して、これなら出来そうかなという案件1件に応募しました。体験談の執筆です。
それ以降も探していたのですが、なかなか見つけれず😓
しばらくして応募した案件のクライアントさんからメールが来て、契約、執筆開始となりました。
勝手に進めて申し訳ありません😓",2026-04-15 13:05:00
240,459,島崎　麻衣,me,"✿しの✿
 
 
こんにちは！昨日、クラウドワークスで自分に出来そうな案件を探して、これなら出来そうかなという案件1件に応募しました。体験談の執筆です。
それ以降も探していたのですが、なかなか見つけれず😓
しばらくして応募した案件のクライアントさんからメールが来て、契約、執筆開始となりました。
勝手に進めて申し訳ありません😓
 
 
 
 
 
 
 
 
こちらについてですが、仮払いは完了されていますか❓",2026-04-15 17:00:00
241,459,,you,はい、仮払いが完了したので作業に入って下さいとクラウドワークスからメールが来たため、クラウドワークスのサイトで確認したところ仮払い完了と表示されてました。,2026-04-15 17:10:00
242,459,,you,"これで確認出来ますでしょうか？
https://crowdworks.jp/contracts/61043991",2026-04-15 17:11:00
243,459,島崎　麻衣,me,"✿しの✿
 
 
これで確認出来ますでしょうか？
https://crowdworks.jp/contracts/61043991
 
 
 
 
 
 
 
 
こちらでは確認出来ませんでしたので、進行ステータスのスクリーンショットをお送りいただけますか❓",2026-04-15 18:19:00
244,459,,you,進行ステータスってこれになりますか？,2026-04-15 18:37:00
245,459,,you,アプリ版なのですが…。,2026-04-15 18:38:00
246,459,島崎　麻衣,me,"こちらで大丈夫ですよ❗
仮払いから、業務にステータスが進んでいるので、問題ありませんよ❗
引き続き、進めていきましょう。",2026-04-15 20:53:00
247,459,,you,わかりました、ありがとうございます。あと、質問ですが、クラウドワークスからGメールでクライアントから相談という内容でメールがきてたのですが、よくあることなんでしょうか？,2026-04-15 21:00:00
248,463,島崎　麻衣,me,"以前お伝えした通り、今はクラウドソーシングのライティングで進める方針です❗
まずは他のことに意識を広げるのではなく、ライティング案件への応募・受注・実績作りに集中してください。",2026-04-15 12:42:00
249,463,,you,これまで継続したものを止めたくないですし、空き時間に確認していくので大丈夫です。送ってください。,2026-04-15 13:28:00
250,463,島崎　麻衣,me,"空き時間があるのであれば、参考アカウントを見ることより、まずライティング案件への応募に使ってください。
今の段階で必要なのは情報を増やすことではなく、応募数を増やすこと、受注と実績を積むことです。
他のものを見始めると、また意識が分散しやすくなります。
まずはライティングで結果につながる行動を優先して進めていきましょう。",2026-04-15 18:38:00
251,464,平林　結菜,me,"こんにちは❗
その後いかがでしょうか❓
少しでも進められていたらぜひ教えて頂けると助かります❗",2026-04-15 10:35:00
252,468,平林　結菜,me,"こんにちは❗
その後いかがでしょうか❓",2026-04-15 10:32:00
253,471,平林　結菜,me,"こんにちは❗
その後いかがでしょうか❓",2026-04-15 09:48:00
254,474,平林　結菜,me,"こんばんは❗
作成していますのでもう少しお待ちください❗",2026-04-15 20:05:00
255,474,,you,"ご連絡ありがとうございます。
承知しました❗️",2026-04-15 20:20:00
256,474,,you,お忙しいと思いますので、明日でも大丈夫ですので、よろしくお願いいたします。,2026-04-15 23:04:00
257,476,,you,"https://coconala.com/requests/4957649
こちらで２件採用されました。２件なので３０００円になります",2026-04-15 22:22:00
258,477,島崎　麻衣,me,"おはようございます❗WeeK11のフィードバックをお送りいたします。
SNS運用代行を、流れとして整理できています。
認知から購入、その後の継続まで、お客さんの行動と施策が対応しています。
実績投稿で知ってもらい、プロフィールや投稿で興味につなげ、料金や実績比較から依頼へ進む流れが見えています。
月額契約まで入っていて、継続の設計もできています。
方向性は合っていますし、Week11として十分クリアできています❗",2026-04-15 10:27:00
259,478,島崎　麻衣,me,"何が書ける人かが前より伝わりやすくなっていて、バイク歴27年・コンビニ勤務歴15年という根拠が入ったのはとても良いです。
そのうえで、さらに整えるなら修正したい点は3つです。
まず1点目は、「旅行、バイク、コンビニ、暮らし系中心のSEO記事作成が得意です。」という冒頭です。
まだ実績が多くない段階なら、「得意です」より少しやわらかい表現 のほうが自然です。
たとえば「旅行・バイク・コンビニ・暮らし系を中心に執筆しています」くらいがおすすめです。
2点目は、「業務は主にSEO記事作成に対応致します。」も少し強めです。
SEO実績が十分でないなら、「記事作成やリライトに対応しています」くらいのほうが無難です❗
3点目は、細かい表記です。
Word,Excel → Word / Excel
14:00~17:00 → 14:00〜17:00
のようにそろえると見やすくなります。
整えるなら、例えばこの形が自然です。
「はじめまして。kasaと申します。
プロフィールをご覧いただきありがとうございます。
原付を含めたバイク歴27年、コンビニ勤務歴15年の経験を活かし、旅行・観光、バイク、コンビニ、暮らし系を中心に、読者に分かりやすく読みやすい記事作成を心がけています。
【得意分野】
・旅行 / 観光
・バイク
・コンビニ
・暮らし全般
【対応可能業務】
・記事作成
・リライト
【使用ツール】
・Googleドキュメント
・Word / Excel
【作業時間】
・平日 10:00〜13:00 / 14:00〜17:00
・土曜日も対応可能
【対応】
・メッセージは24時間以内に返信いたします
指示内容を丁寧に確認し、納期を守って取り組みます。
修正にも迅速に対応いたします。
どうぞよろしくお願いいたします。」
良くなっているので、あとは少し強く見える表現を自然に整えるだけで十分ですよ❗",2026-04-15 12:16:00
260,478,,you,了解しました。変更しました。,2026-04-15 13:22:00
261,478,島崎　麻衣,me,"それでは、こちらで公開して、次は案件獲得のために進めていきましょう❗
まずは、良い案件を当てるよりも、変な案件を避けながら応募数（母数）を増やすのが大事です❗
【案件の探し方（検索のポイント）】
①自分の得意・興味のあるカテゴリを選ぶ
②「初心者OK」「未経験OK」「在宅OK」などで絞り込み
※「初心者歓迎」は勧誘系が混ざりやすいので注意してください❗
③気になる案件があれば、まずは応募してみる→ 小さな経験が、自信とスキルアップにつながります。
【狙うべき案件／避けたい案件】
・狙うべき案件
未経験OKが明記されている
マニュアルあり
テストライティングあり（できれば有償）
最初は低単価でもOK（慣れるフェーズ）
⚠️避けたい案件
高単価なのに説明が薄い
LINE追加など外部誘導が必須
契約前に作業させようとする
資格取得や有料ツール購入を促すタイプ
クラウドワークスは、何件応募したかも大切ですが、何よりどんな案件に応募したか？が重要です❗
勧誘系に当たり続けると、応募数を増やしても成果が出ません。
好条件に見える案件があっても、最初は必ず疑ってかかるくらいでちょうど良いです。
クラウドワークス公式でも注意喚起されていますので、該当ページもお送りしますね。
 blog.crowdworks.jp/archives/6239/ 
一度しっかり目を通しておくと、案件の見極めが一気にラクになりますよ。
また、案件内容だけでなく、発注者の条件も必ず確認するようにしましょう❗
具体的には、まず、本人確認済みになっているかを確認してみてください。
これはトラブル防止のためにも大切なポイントです。
次に評価ですが、★4.8以上、もしくは評価数が10件以上ある発注者を目安にすると安心です。
あわせて、ルール回答済みやプロジェクト完了率が表示されている場合は、きちんと確認しておくと安全です❗
【応募文（提案文）のコツ】
初心者がやりがちなNGは、長すぎる、熱意だけ、自分語り多めです。
通りやすい型はこれです❗
・自己紹介（1〜2行）
・案件への理解・共感
・丁寧に対応できること
・指示やマニュアルを守れること
上手い文章より、扱いやすそう・丁寧そうな人が選ばれます。
【進めていくうえでの考え方】
10件応募 → 1〜2件反応があれば正常
返事ゼロの日があって当たり前
落ちた＝否定ではない
※今は精度を上げるより、母数を増やすフェーズです。
【初心者のNG⚠️】
仮払い前に作業しない
契約前の外部ツール面談は慎重に
年齢など条件に合わない案件は深追いしない
1件に時間をかけすぎない（切り替え大事）
初心者でも取り組みやすく、継続につながりやすいのは、リサーチ系／Webライティング／レビュー記事／まとめ記事／体験談あたりです❗
次のステップに進むためにも、クラウドソーシングで案件を獲得することから、始めていきましょう。
不安な案件があれば、応募前に案件ページのリンクを送ってもらえれば一緒に判断しますので、その都度ご連絡くださいね❗",2026-04-15 17:05:00
262,478,,you,了解しました。ありがとうございます。,2026-04-15 17:25:00
263,478,島崎　麻衣,me,ぜひ、参考に進めてみて下さい❗,2026-04-15 17:35:00
264,479,,you,"おはようございます。
離脱したいのですが、その場合はもちろん返金はありませんよね？",2026-04-15 08:30:00
265,479,,you,"これまでの自習のカリキュラム、この後数回で稼げる様になる気も全くしないというのが理由です。
50万払った割には内容も薄く感じていたのが正直なところです。何より楽しくない。
そんな事を含めて、離脱の判断になりました。
申し訳ないです。",2026-04-15 09:20:00
266,479,,you,全ての資産を払ったので、全くお金がありません。幾らかだけでも返金は無理でしょうか？,2026-04-15 09:21:00
267,479,土屋,me,"現状はまだ実践にも入っていない段階です。
その状態で稼げる気がしないと感じるのは、ある意味当然です。
結果は実践の中でしか出ません。
そこに入る前に判断してしまうと、どの分野でも同じ結論になります。
そしてもう一点。
楽しくないという点ですが、仕事は楽しさで選ぶものではなく、目的達成のためにやるものです。
収益を上げる環境を変える生活を良くする
そのためにやるのが仕事です。
ここがズレてしまうと、どの取り組みでも途中で止まります。",2026-04-15 11:50:00
268,484,島崎　麻衣,me,"進捗共有ありがとうございます❗
現在2件継続面談予定とのことなので、今はその結果を見つつ、引き続き新しい案件も探していきましょう❗",2026-04-15 15:01:00
269,486,平林　結菜,me,"おはようございます❗️
資料確認しましたらご連絡ください❗️",2026-04-15 08:56:00
270,486,,you,おはようございます、すいません昨日みてました、ありがとうございます,2026-04-15 10:16:00
271,486,平林　結菜,me,一通り見ましたでしょうか❓,2026-04-15 14:03:00
272,486,,you,はい、確認しました、まだ目を通した段階ですが、見ました,2026-04-15 14:43:00
273,486,,you,本日よりスタートします、宜しくお願い致します。,2026-04-15 14:47:00
274,486,島崎　麻衣,me,"わかりました❗
それでは、クラウドワークス、ランサーズ、ココナラに登録していきましょう❗
登録が完了しましたら、ご連絡お待ちしております。",2026-04-15 17:26:00
275,486,,you,わかりました、よろしくお願いします,2026-04-15 20:36:00
276,486,平林　結菜,me,引き続きよろしくお願いします❗,2026-04-15 20:38:00
277,489,平林　結菜,me,"おはようございます❗️
メールアドレスはこちらで合っていますでしょうか❓
puchipocopoco@gmail.com",2026-04-15 08:58:00
278,495,島崎　麻衣,me,"共有ありがとうございます。
ちなみに、１日何件ほど応募されておりますでしょうか❓",2026-04-15 14:08:00
279,495,,you,1日1〜3案件になってます。,2026-04-15 16:40:00
280,495,島崎　麻衣,me,お忙しい時期かと思いますが、少しずつでも応募数を増やしながら進めていきましょう❗,2026-04-15 18:03:00
281,500,,you,"4/14学び報告
今日やったこと：
week9-1を読む
かかった時間：
10分
困ってる点（1つでOK）：
感想
早くマネタイズさせたいという気持ちと、自分が思っている勉強時間が取れていないことがもどかしい、、、ですが、一歩づつ毎日続けること‼️",2026-04-15 09:21:00
282,500,島崎　麻衣,me,"早くマネタイズしたい気持ちがあるからこそ、思うように時間が取れないともどかしくなりますよね❗
ただ、その中でも一歩ずつ毎日続けることに意識を向けられているのはとても良いです。
実際、早く結果を出す人も、結局は日々の積み重ねを続けています。
焦る気持ちはあって大丈夫なので、まずは今できる範囲で止まらず進めていきましょう❗",2026-04-15 12:58:00
283,500,,you,はい‼️ありがとうございます,2026-04-15 12:59:00
284,500,平林　結菜,me,引き続きよろしくお願いします❗,2026-04-15 14:23:00
285,502,島崎　麻衣,me,"今の状況を見ると、まず優先したいのは楽天ROOMは毎日継続することとクラウドソーシングの応募数を増やすことです。
楽天ROOMについては、毎日投稿ではないとのことなので、まずは投稿の流れを止めないように 毎日少しでも継続する形に寄せていきましょう。
大きく伸ばす前に、まず継続の土台を作ることが大事です❗
また、クラウドソーシングについては、活動記録シートを見ると、直近の応募記録が4/12に1件のみでした。
そのため、今は継続依頼が取れないというより、応募数自体がまだ足りていない状態と考えたほうがよいです。
まずは1日5件、難しければ安定するまでは1日3件を目安に、応募数を増やしていきましょう。
スクール勧誘の案件に当たることはありますが、それだけで止まってしまうのはもったいないです。
今はROOMは毎日継続、クラウドソーシングは応募数を増やす、この2つを優先して進めていきましょう❗",2026-04-15 11:03:00
286,504,平林　結菜,me,"こんにちは❗
その後いかがでしょうか❓",2026-04-15 10:34:00
287,504,,you,"こんにちは！
応募と対応を続けています。",2026-04-15 13:10:00
288,504,島崎　麻衣,me,"応募状況について、活動記録シートでの確認が取れませんでしたので、１日の応募状況等をお教えいただけますでしょうか❓
また、今後は振り返りのためにも応募状況についても活動記録シートに記載しながら進めていきましょう。",2026-04-15 17:03:00
289,504,,you,"すみません、転記が出来ておりませんでした(汗)
直近のスクショを取り急ぎお送りします",2026-04-15 17:51:00
290,504,島崎　麻衣,me,"こちらについてはどういった内容の案件になります。でしょうか❓
また、応募数については少し増やしていけそうでしょうか❓",2026-04-15 19:50:00
291,504,,you,"記事作成と、台本作成になります。
応募は増やせると思います。",2026-04-15 20:06:00
292,504,島崎　麻衣,me,それでは、応募数についても少しずつ増やしながら進めてみましょうか❗,2026-04-15 20:27:00
293,504,,you,わかりました。,2026-04-15 20:28:00
294,504,島崎　麻衣,me,引き続き、進めていきましょう❗,2026-04-15 20:31:00
295,505,島崎　麻衣,me,"共有ありがとうございます❗プロフィール修正はとても良いです。
応募文も全体として丁寧で誠実な印象があり、方向性は問題ありません。
ただ、「ChatGPTを活用した構成作成」 や 「SEOキーワードを意識した文章作成」は、実績が浅い段階では少し強く見えやすいので、無理に入れなくても大丈夫です。
応募文は、プロフィール説明を長く書くよりこの案件に応募した理由、自分の経験で活かせることを短めに伝えるほうが通りやすいです❗
なので、今の文をベースに少し盛って見える表現を自然にする、この意識で整えれば大丈夫ですよ。",2026-04-15 11:36:00
296,505,島崎　麻衣,me,"次は案件獲得のために進めていきましょう❗
まずは、良い案件を当てるよりも、変な案件を避けながら応募数（母数）を増やすのが大事です❗
【案件の探し方（検索のポイント）】
①自分の得意・興味のあるカテゴリを選ぶ
②「初心者OK」「未経験OK」「在宅OK」などで絞り込み
※「初心者歓迎」は勧誘系が混ざりやすいので注意してください❗
③気になる案件があれば、まずは応募してみる→ 小さな経験が、自信とスキルアップにつながります。
【狙うべき案件／避けたい案件】
・狙うべき案件
未経験OKが明記されている
マニュアルあり
テストライティングあり（できれば有償）
最初は低単価でもOK（慣れるフェーズ）
⚠️避けたい案件
高単価なのに説明が薄い
LINE追加など外部誘導が必須
契約前に作業させようとする
資格取得や有料ツール購入を促すタイプ
クラウドワークスは、何件応募したかも大切ですが、何よりどんな案件に応募したか？が重要です❗
勧誘系に当たり続けると、応募数を増やしても成果が出ません。
好条件に見える案件があっても、最初は必ず疑ってかかるくらいでちょうど良いです。
クラウドワークス公式でも注意喚起されていますので、該当ページもお送りしますね。
 blog.crowdworks.jp/archives/6239/ 
一度しっかり目を通しておくと、案件の見極めが一気にラクになりますよ。
また、案件内容だけでなく、発注者の条件も必ず確認するようにしましょう❗
具体的には、まず、本人確認済みになっているかを確認してみてください。
これはトラブル防止のためにも大切なポイントです。
次に評価ですが、★4.8以上、もしくは評価数が10件以上ある発注者を目安にすると安心です。
あわせて、ルール回答済みやプロジェクト完了率が表示されている場合は、きちんと確認しておくと安全です❗
【応募文（提案文）のコツ】
初心者がやりがちなNGは、長すぎる、熱意だけ、自分語り多めです。
通りやすい型はこれです❗
・自己紹介（1〜2行）
・案件への理解・共感
・丁寧に対応できること
・指示やマニュアルを守れること
上手い文章より、扱いやすそう・丁寧そうな人が選ばれます。
【進めていくうえでの考え方】
10件応募 → 1〜2件反応があれば正常
返事ゼロの日があって当たり前
落ちた＝否定ではない
※今は精度を上げるより、母数を増やすフェーズです。
【初心者のNG⚠️】
仮払い前に作業しない
契約前の外部ツール面談は慎重に
年齢など条件に合わない案件は深追いしない
1件に時間をかけすぎない（切り替え大事）
初心者でも取り組みやすく、継続につながりやすいのは、リサーチ系／Webライティング／レビュー記事／まとめ記事／体験談あたりです❗
次のステップに進むためにも、クラウドソーシングで案件を獲得することから、始めていきましょう。
不安な案件があれば、応募前に案件ページのリンクを送ってもらえれば一緒に判断しますので、その都度ご連絡くださいね❗",2026-04-15 11:37:00
297,507,,you,"こんにちは、クラウドワークスの方で2件のメッセージが帰ってきたのですが1件目は返事をだそうと思ったら相手の規約違反でメッセージが送れず、2件目のはテストライディングの案内だったんですが提出方法が公式LINE登録して提出だったので最初に思い切ってLINE登録してしまったのですが怖くなって
ブロック、削除してクラウドワークス内のメッセージでLINE以外で提出出来ないかメッセージを送ったんですが返事が来ません。
なかなか仕事に結びつかない状況です。",2026-04-15 16:36:00
298,507,島崎　麻衣,me,"進捗共有ありがとうございます。
応募状況について、活動記録シートでの記録確認が取れませんでしたので、１日の応募状況等についてお教えいただけますでしょうか❓",2026-04-15 18:02:00
299,507,,you,"直近では2件の応募をしました。
似たような案件がおおいので
毎日みながら1日〜2日で2件くらいで応募している感じです。
活動シートに応募した案件を記録した方がいいのでしょうか？",2026-04-15 18:18:00
300,507,島崎　麻衣,me,"応募した案件は活動記録シートに記録しながら進めてください❗
応募状況を可視化しておかないと、後から振り返ったときに、応募数が足りないのか、案件選びに偏りがあるのか、反応がある案件の傾向は何か
が分かりにくくなります。
今後の改善にもつながるので、応募したものはその都度シートに残していってくださいね❗",2026-04-15 20:16:00
301,507,,you,"分かりました。
ありがとうございます",2026-04-15 20:30:00
302,507,平林　結菜,me,"とんでもないです❗
引き続きよろしくお願いします❗",2026-04-15 20:35:00
303,509,平林　結菜,me,"こんにちは❗
その後、カリキュラムの進捗状況いかがでしょうか❓",2026-04-15 10:31:00
304,509,,you,"お疲れ様です。
無事に今週から通常に戻りましたのでカリキュラムやりますね！
ちょうど今、みおパパチャンネル拝見してました🎵",2026-04-15 10:33:00
305,509,,you,海外から副業の話しかなりタメになります。,2026-04-15 10:33:00
306,509,島崎　麻衣,me,"動画もチェックして頂き、ありがとうございます❗
引き続き、ペースを整えながら進めていきましょう。
よろしくお願いいたします❗",2026-04-15 15:48:00
307,510,島崎　麻衣,me,こちらでは案件内容が確認出来ないため、スクリーンショットではなく、案件リンクの共有をお願いいたします❗,2026-04-15 11:55:00
308,517,,you,"【質問です。】
クラウドワークでの仕事について最初の案件はどのようなものにすればいいのですか？
アンケート他に探し方も細かく教えてください",2026-04-15 04:55:00
309,517,島崎　麻衣,me,まず、確認ですが、クラウドワークス、ココナラ、ランサーズのプロフィール作成については完了されておりますでしょうか❓,2026-04-15 15:06:00
310,517,,you,"はい
3社は完了してます。",2026-04-15 15:50:00
311,517,島崎　麻衣,me,それでは、確認のためそれぞれのプロフィールページのリンクの共有をお願いいたします❗,2026-04-15 17:59:00
312,517,,you,プロフィールのリンク共有はどうすればいいですか？,2026-04-15 19:04:00
313,517,島崎　麻衣,me,"各サービスとも、基本は自分の公開プロフィールページを開いて、そのURLをコピーして共有すれば大丈夫です❗
【クラウドワークス】
右上の自分の名前を押して、「自分の公開ページを確認」を開きます。
そのページのURLをコピーして共有してください。Webではこの手順、アプリではマイページ上部のID確認からたどれます。
【ココナラ】
自分のプロフィールページまたはサービスページを開いて、表示されたURLをコピーして共有すればOKです。
ココナラ公式でも、外部ブログやSNSで自分のページをシェアする方法が案内されています。
【ランサーズ】
自分の公開プロフィールページを開いて、そのURLをコピーして共有すれば大丈夫です。
迷ったら、プロフィールを開いてブラウザのアドレスバーのURLをそのままコピーする形でOKです。
分からなくなったら、「自分の公開ページを開く → URLをコピーする」
この考え方で進めれば大丈夫です。",2026-04-15 19:40:00
314,518,平林　結菜,me,"こんにちは❗
その後、カリキュラムの進捗状況いかがでしょうか❓",2026-04-15 09:48:00
315,518,,you,"お疲れ様です
昨日マーケティングの基礎を読み終えて今日テスト課題に取り掛かろうと思ってます。
内容が難しくてまた時間がかかってすみません🙇‍♂️",2026-04-15 09:56:00
316,518,平林　結菜,me,"こんにちは❗分かりました❗
お待ちしていますね❗",2026-04-15 12:48:00
317,518,,you,https://www.notion.so/vs-GU-4P-3439487686f8805e95abfc8fc3d150b4?source=copy_link,2026-04-15 15:17:00
318,518,島崎　麻衣,me,"こんにちは❗Week9についてですが、Notionのアクセス権が未解除の状態となっていますので、以下の方法でアクセス権の解除をお願いします❗
分からない事がありましたら遠慮なく聞いてくださいね❗
http://www.notion.so/Notion-3128252adfa780fd93cbd5bb6b717536?source=copy_link",2026-04-15 16:33:00
319,518,,you,https://www.notion.so/vs-GU-4P-3439487686f8805e95abfc8fc3d150b4?source=copy_link,2026-04-15 19:31:00
320,518,,you,お願いします🙇‍♂️,2026-04-15 19:31:00
321,518,平林　結菜,me,"ありがとうございます❗確認出来ました❗
4Pで整理できていて、ユニクロとGUの違いも比較できる状態になっており、商品・価格・流通・販促の4つで、両ブランドの役割の違いが見える形になっていた点です。ユニクロは「機能性・再現性」、GUは「トレンド・回転率」という軸が通っていて、マーケティング分析としてしっかり成立していました❗
ユニクロはベーシックで機能性重視、GUはトレンド重視という違いが分かりやすく、Priceでも、ユニクロは価値に対するコスパ、GUは気軽に試しやすい低価格という整理ができていたのが良かったです❗
ワンポイントアドバイス「同じ商品カテゴリならどう差が出るか」まで具体例を入れると、さらに説得力が増しますよ❗",2026-04-15 20:13:00
322,518,,you,ありがとうございます🙇‍♂️,2026-04-15 20:43:00
323,518,平林　結菜,me,"とんでもないです❗
この調子で次も行きましょう❗",2026-04-15 20:44:00
324,520,,you,"お疲れ様です
お電話っていつ出来ますか？
どうすればいいですか？",2026-04-15 12:06:00
325,520,,you,今日の12時ということでしたが,2026-04-15 12:06:00
326,520,,you,こっちから電話かけれないのでご対応お願いします,2026-04-15 12:07:00
327,520,島崎　麻衣,me,"先程の件についてですが、本日4//15～1ヶ月間サポートを休止させていただきます。
サポート休止期間中になにかありましたら、その都度ご連絡ください。",2026-04-15 12:44:00
328,521,,you,解約方法と、どのように対応をすれば良いか具体的にあればご教示ください,2026-04-15 09:57:00
329,521,ウチダ,me,利用規約に基づき対応させていただきますので申込みされる際にお読みいただいたフォームをご確認ください❗,2026-04-15 14:47:00
330,532,,you,"チェック依頼
契約成立したクライアントさんへのブログ記事のチェックをお願いします。
ブログのコンセプトも以下に記入しています。
よろしくお願いします。
【当ブログのコンセプト】
本ブログは、育児を通して同じ悩みを持つ方に「安心や癒しを届けること」を目的としています。
「自分だけじゃないんだ」という共感や「何か解決策があるかも」という希望など、読者がほっと出来るような内容を目指しています。",2026-04-15 13:44:00
331,532,,you,https://docs.google.com/document/d/1e09RvqOPp-E4mMJkAkWTbBtCfnTV3DbkFxOeOnBvUQo/edit?usp=drivesdk,2026-04-15 13:46:00
332,532,,you,"質問です。
テスト案件の納品をするためにコメントを入力しましたが、
相手の事情によりメッセージが受け取れない状況です
となり、メッセージが送れません。
どうしたらいいですか？",2026-04-15 15:18:00
333,532,,you,"追加です
私の確認ミスで、同意するボタンを押していませんでした。
納品しようと思って気づいたのが、、9時頃。
謝罪のメッセージを入れようと思ったら、受け取れない、という状況でした。
同意するボタンを押しましたが、連絡はありません。
これが原因でしょうか、、、
同じ状況なので、同意するボタンを解除したほうがいいですか？
明日まで様子を見たほうがいいですか？",2026-04-15 15:29:00
334,532,,you,"本日のご報告です。
案件1件応募しました。",2026-04-15 17:45:00
335,532,島崎　麻衣,me,"まずメッセージの件ですが、今回の表示は同意ボタンだけが原因とは限らず、相手側の事情で送れない状態の可能性があります。
そのため、同意ボタンは解除せず、今日は無理に送らず明日まで様子を見るで大丈夫です。
それでも送れない場合は、その案件は無理に進めず慎重に見直しましょう。
記事については、全体として読みやすく、体験談の流れも自然で、このまま提出しても大丈夫なレベルです。
特に、仕事と育児の両立のモヤモヤから、気持ちの変化、最後の景色の話につながる流れが良く、ブログのコンセプトにも合っています。
少しだけ整えるなら、最後に読者への応援の一文を足すとよいですよ❗",2026-04-15 19:46:00
336,532,,you,"お返事、ありがとうございます。
遅くに失礼します。
メッセージの件は明日まで様子をみます。
記事の件、応援の一文を考えてみます。
一文を足して、再度確認していただくほうがいいでしょうか？
そのまま提出でもいいでしょうか？
またお返事いただけたらと思います。
よろしくお願いします。",2026-04-15 21:02:00
337,536,,you,"お世話になります。
8:50頃、クレジットにてお支払いを致しましたので、後ほどご確認をお願い致します。",2026-04-15 08:57:00
338,536,,you,"※振り込みの際、最初に銀行振り込みにチェックを入れてしまいましたが、うまくいかなかったので、クレジットに変更しました。
銀行振り込みの申し込みがまだかかっているかも知れません。
解除は可能でしょうか?",2026-04-15 09:04:00
339,536,平林　結菜,me,"こんにちは❗
こちら確認取れました❗",2026-04-15 15:51:00
340,536,,you,ありがとうございます！,2026-04-15 16:18:00
341,536,平林　結菜,me,引き続きよろしくお願いします❗,2026-04-15 16:35:00
342,538,,you,"こんにちは
すみません、プライベートでいろいろとありまして
遅くなりました。",2026-04-15 13:48:00
343,538,,you,https://crowdworks.jp/public/employers/6927233?ref=login_header,2026-04-15 13:57:00
344,538,,you,https://www.lancers.jp/profile/Ringo1231,2026-04-15 14:05:00
345,538,,you,まだ修正した方がいいところがありますでしょうか？,2026-04-15 14:06:00
346,538,,you,よろしくお願い致します🙇‍♀️,2026-04-15 14:06:00
347,538,島崎　麻衣,me,"まいこ
 
 
https://crowdworks.jp/public/employers/6927233?ref=login_header
 
 
 
 
 
 
 
 
クライアントページではなく、ワーカーページのリンク共有をお願いいたします❗",2026-04-15 17:19:00
348,538,,you,https://crowdworks.jp/public/employees/6927233,2026-04-15 18:49:00
349,538,,you,これで見れますか？,2026-04-15 18:50:00
350,538,,you,"あとですね
✉️が届いていたんですが
スクショですみません。",2026-04-15 18:53:00
351,538,,you,"この件に対して
どの様な対応をすればよろしいでしょうか？",2026-04-15 18:54:00
352,538,島崎　麻衣,me,"まいこ
 
 
あとですね
✉️が届いていたんですが
スクショですみません。
 
 
 
 
 
 
 
 
全てのメールに必ず返信する必要はありませんよ❗️
クラウドソーシングのスカウトや相談メールは、クライアントがランダムで一斉に送っていることも多いため、すべてに返信する必要はないです。
対応の基準はシンプルで大丈夫です。
・ライティング案件で条件が合いそう → 返信する
・ライティング案件ではない / 興味がない → 返信しない（スルーでOK）
むしろ今の段階では、プロフィールを調整して、ライティング案件への応募を優先することの方が重要です。
スカウトは「来たらラッキー」くらいで考えて、基本は自分から案件を取りに行く応募ベースで進めていく方が現実的です❗️",2026-04-15 20:56:00
353,538,島崎　麻衣,me,"まいこ
 
 
https://crowdworks.jp/public/employees/6927233
 
 
 
 
 
 
 
 
得意ジャンル、対応ツール、対応時間の詳細についても記載していきましょう❗",2026-04-15 20:56:00
354,538,,you,わかりました😊,2026-04-15 21:03:00
355,538,,you,わかりました！,2026-04-15 21:05:00
356,540,平林　結菜,me,"こんにちは❗
その後いかがでしょうか❓",2026-04-15 09:54:00
357,549,,you,"お疲れ様です。
Zoom終わりました。
結論はまだ出ませんが
今回の記事は
62/100と言われました。
会社名の説明
テーマ
フィードバック
ききました。なかなか上手く
質問ありますかで答えられませんでしたが、どこを変えてほしいかはきいたので、もう一度再納品します。もしかすると残念な結果になるかもしれません。",2026-04-15 19:06:00
358,549,平林　結菜,me,"こんばんは❗
Zoomお疲れさまでした❗
62/100としっかり評価をもらえたうえで、改善点も確認できたのは大きな前進です。
その場でうまく質問できなかったとしても、「どこを変えてほしいか」をきちんと聞けたのはとても良い対応です❗
今回はまだ結論が出ていないとのことですが、フィードバックをもとに再納品まで進めようとしている姿勢は素晴らしいです。
もし今回思うような結果にならなかったとしても、それは失敗ではなく、次につながる貴重な経験です。
まずは聞けた内容を整理して、ひとつずつ修正していけば大丈夫です。落ち着いて進めていきましょう。",2026-04-15 20:48:00
359,562,,you,"こんばんは。
近況報告させていただきます。
🔳ライティングについて、
•今週1案件獲得、対応済、納品完了
•もう一社からは継続案件を獲得できる見込み　
※昨日二次面談完了
継続して進めていきます。
🔳楽天ルームについて、
毎日5投稿しており、コレクションを5個作成していますが、反応が弱い状況です。
4/11にルームの商品（UVケア）が1点売れましたが、以降は全然クリック数も増えないです。
（他3件の売上は身内による経由購買）
商品選びは楽天市場でUVケアとトラベルスキンケアセットを中心に探して、検索上位で出てくる➕レビュー件数多めと高➕直近で売れてるものにしています。
ルームの商品紹介文は爆売れレビュー生成ツールにて作成して、評価アナリストツールでブラッシュアップしてから、ほぼ100点の文章で投稿しています。
あとどこを改善したら良いかご意見いただけますでしょうか？",2026-04-15 20:31:00
360,562,,you,https://room.rakuten.co.jp/nene_otona_beauty/items,2026-04-15 20:32:00
361,562,島崎　麻衣,me,"活動記録シートを確認しましたが、クラウドソーシングの応募状況や楽天ROOMの投稿等が確認出来ませんでしたので、今後は記載しながら進めていきましょう。
楽天ROOMの投稿についてですが、ご自身の言葉を足して投稿はされておりますでしょうか❓",2026-04-15 20:46:00
362,562,,you,"活動シートの記載は承知しました。申し訳ありません。
楽天ルームの投稿は自身の言葉で足していません。
ツールで作った文章が長いとかの場合は自分の言葉で書き換えています。",2026-04-15 20:51:00
363,562,島崎　麻衣,me,"大丈夫ですよ❗
楽天ROOMについては、AIに全て頼るのではなく、ご自身の言葉足して投稿することも意識していきましょう❗",2026-04-15 20:52:00
364,562,,you,"承知しました。
ありがとうございます(お願いします)",2026-04-15 20:58:00
365,562,平林　結菜,me,"とんでもないです❗
引き続きよろしくお願いします❗",2026-04-15 20:59:00
366,562,,you,楽天ルームのコレクションですが、表紙をこのようにして問題ないでしょうか？,2026-04-15 21:18:00
367,563,島崎　麻衣,me,"それでは、こちらで公開して、次は案件獲得のために進めていきましょう❗
まずは、良い案件を当てるよりも、変な案件を避けながら応募数（母数）を増やすのが大事です❗
【案件の探し方（検索のポイント）】
①自分の得意・興味のあるカテゴリを選ぶ
②「初心者OK」「未経験OK」「在宅OK」などで絞り込み
※「初心者歓迎」は勧誘系が混ざりやすいので注意してください❗
③気になる案件があれば、まずは応募してみる→ 小さな経験が、自信とスキルアップにつながります。
【狙うべき案件／避けたい案件】
・狙うべき案件
未経験OKが明記されている
マニュアルあり
テストライティングあり（できれば有償）
最初は低単価でもOK（慣れるフェーズ）
⚠️避けたい案件
高単価なのに説明が薄い
LINE追加など外部誘導が必須
契約前に作業させようとする
資格取得や有料ツール購入を促すタイプ
クラウドワークスは、何件応募したかも大切ですが、何よりどんな案件に応募したか？が重要です❗
勧誘系に当たり続けると、応募数を増やしても成果が出ません。
好条件に見える案件があっても、最初は必ず疑ってかかるくらいでちょうど良いです。
クラウドワークス公式でも注意喚起されていますので、該当ページもお送りしますね。
 blog.crowdworks.jp/archives/6239/ 
一度しっかり目を通しておくと、案件の見極めが一気にラクになりますよ。
また、案件内容だけでなく、発注者の条件も必ず確認するようにしましょう❗
具体的には、まず、本人確認済みになっているかを確認してみてください。
これはトラブル防止のためにも大切なポイントです。
次に評価ですが、★4.8以上、もしくは評価数が10件以上ある発注者を目安にすると安心です。
あわせて、ルール回答済みやプロジェクト完了率が表示されている場合は、きちんと確認しておくと安全です❗
【応募文（提案文）のコツ】
初心者がやりがちなNGは、長すぎる、熱意だけ、自分語り多めです。
通りやすい型はこれです❗
・自己紹介（1〜2行）
・案件への理解・共感
・丁寧に対応できること
・指示やマニュアルを守れること
上手い文章より、扱いやすそう・丁寧そうな人が選ばれます。
【進めていくうえでの考え方】
10件応募 → 1〜2件反応があれば正常
返事ゼロの日があって当たり前
落ちた＝否定ではない
※今は精度を上げるより、母数を増やすフェーズです。
【初心者のNG⚠️】
仮払い前に作業しない
契約前の外部ツール面談は慎重に
年齢など条件に合わない案件は深追いしない
1件に時間をかけすぎない（切り替え大事）
初心者でも取り組みやすく、継続につながりやすいのは、リサーチ系／Webライティング／レビュー記事／まとめ記事／体験談あたりです❗
次のステップに進むためにも、クラウドソーシングで案件を獲得することから、始めていきましょう。
不安な案件があれば、応募前に案件ページのリンクを送ってもらえれば一緒に判断しますので、その都度ご連絡くださいね❗",2026-04-15 11:29:00
368,563,,you,"ありがとうございます！
早速案件探して応募してみます。",2026-04-15 12:27:00
369,563,島崎　麻衣,me,ぜひ、参考に進めてみて下さい。,2026-04-15 12:30:00
370,566,,you,"お世話になっております！
本日1件面談があり5日後に契約かどうかの結果が出ます！",2026-04-15 19:46:00
371,566,,you,活動記録表に書いてます！,2026-04-15 19:47:00
372,566,平林　結菜,me,"面談お疲れさまでした。活動記録表へのご記入もありがとうございます❗
結果出ましたらご連絡ください❗",2026-04-15 20:32:00
373,566,,you,"承知致しました。
よろしくお願いいたします。",2026-04-15 20:41:00
374,566,平林　結菜,me,引き続きよろしくお願いします❗,2026-04-15 20:42:00
375,570,ウチダ,me,残り分のお支払いが過ぎていますが、15万は今週中にお願い出来そうですか❓,2026-04-15 10:31:00
376,573,平林　結菜,me,"こんにちは❗
その後、カリキュラムの進捗状況いかがでしょうか❓",2026-04-15 09:50:00
377,573,,you,お世話さまです(emoji)午前中にはテスト課題を提出したいと思います!!,2026-04-15 10:48:00
378,573,平林　結菜,me,"わかりました❗
お待ちしております❗",2026-04-15 11:38:00
379,573,,you,,2026-04-15 12:05:00
380,573,島崎　麻衣,me,"Week９についてですが、Notionのアクセス権が未解除の状態となっていますので、以下の方法でアクセス権の解除をお願いします❗
分からない事がありましたら遠慮なく聞いてくださいね❗
http://www.notion.so/Notion-3128252adfa780fd93cbd5bb6b717536?source=copy_link",2026-04-15 16:20:00
381,573,,you,https://www.notion.so/vs-GU-P-3422395c3ab6809a8767fbdef9571480?source=copy_link,2026-04-15 17:52:00
382,573,,you,できたでしょうか??,2026-04-15 17:52:00
383,573,平林　結菜,me,"ありがとうございます❗見れました❗
ユニクロとGUの比較分析、表形式でコンセプトの違いを整理できていたのが良かったです。ユニクロは「LifeWear」のような普遍的な価値、GUは「今っぽさ」や「楽しさ」といったトレンド性を重視していて両ブランドの違いが分かりやすく伝わってきました❗
ワンポイントアドバイス
Price・Place・Promotion
も同じように並べて整理していくと、4P全体の比較がより見やすくなります❗マーケティング分析の土台はしっかりできていますのでこの調子で次行きましょう❗",2026-04-15 19:34:00
384,574,平林　結菜,me,"こんにちは❗
その後、カリキュラムの進捗状況いかがでしょうか❓",2026-04-15 09:50:00
385,576,島崎　麻衣,me,"ご共有ありがとうございます❗
楽天ROOMはジャンルを少し絞ったほうがよいですし、プロフィールも今のままだと少し散らばって見えます。
特に気になるのは、名前が「日々の生活楽しみ隊」で広め、自己紹介に趣味がたくさん入りすぎていて、ROOMで何を発信している人かが伝わりにくい、この2点です。
今のROOM商品を見ると、メンズ服・靴・ガジェット・生活雑貨・家電あたりが多いので、プロフィールもその方向に寄せたほうが統一感が出ます。
たとえば、「メンズ服 / 暮らし / ガジェット中心」のように、何を載せているROOMかがすぐ分かる形にすると良いです。
趣味紹介は少し減らして、どんな商品を紹介しているかを優先して書くのがおすすめです❗
Etsyについては、今は放置で問題ありません。
ただ、再開するなら中途半端に戻るのではなく、再度1から、リサーチからやり直す方向で考えましょう。
なので今後は、ROOMはジャンルを少し絞る、プロフィールもROOMの発信内容に合わせて整理する、Etsyは再開時にリサーチからやり直すという流れで進めるのがよいですよ❗",2026-04-15 12:33:00
386,576,,you,"承知しました！
アドバイスありがとうございます！",2026-04-15 12:42:00
387,576,,you,「シニア在宅ワーカー生活グッズ」では広すぎますかね？,2026-04-15 12:43:00
388,576,島崎　麻衣,me,"少し広めではありますが、今の方向性としては悪くないです。
ただ、「シニア」「在宅ワーカー」「生活グッズ」と要素が3つ入っているので、少し詰め込み感はあります。
そのため、見る人によっては「誰向けなのか」「何を載せているのか」が少しぼやける可能性があります。
もし今の投稿内容が、暮らし系や便利グッズ中心なら、「シニア向け暮らしグッズ」「在宅ワーカーの暮らしグッズ」くらいに少し絞ると、より伝わりやすいです❗
なので結論としては、大きくズレてはいないが、もう少し絞るとさらに分かりやすいというイメージです。",2026-04-15 12:53:00
389,576,,you,"わかりました！
では在宅ワーカー暮らしグッズにしたいと思います！
ありがとうございました！",2026-04-15 13:25:00
390,576,島崎　麻衣,me,"ぜひ、参考に進めてみて下さい❗
引き続き、よろしくお願いいたします。",2026-04-15 17:06:00
391,578,,you,3本目もアップしました。,2026-04-15 09:39:00
392,578,,you,"申し訳ありません。
このスクリーンショット以外に活動記録を記載するファイルはありましたでしょうか？
前に執筆時間が書けるようなものがあったような気がしまして。",2026-04-15 10:24:00
393,578,,you,"今一件面談の連絡が入って来ました。
やっと一歩前進です。
またご報告致します。",2026-04-15 10:27:00
394,578,,you,"契約に移りました。
今は仮払い待ちです。
トライアル契約なので報酬は無いようなものですが、本契約が取れるように頑張ります。",2026-04-15 13:35:00
395,578,島崎　麻衣,me,"NON
 
 
申し訳ありません。
このスクリーンショット以外に活動記録を記載するファイルはありましたでしょうか？
前に執筆時間が書けるようなものがあったような気がしまして。
 
 
 
 
 
 
 
 
こちらのカリキュラムで、ということでしょうか❓",2026-04-15 17:07:00
396,578,島崎　麻衣,me,"NON
 
 
契約に移りました。
今は仮払い待ちです。
トライアル契約なので報酬は無いようなものですが、本契約が取れるように頑張ります。
 
 
 
 
 
 
 
 
おめでとうございます❗
引き続き、並行して応募をしながら進めていきましょう❗",2026-04-15 17:08:00
397,578,,you,"そうですね
勘違いしていましたら申し訳ございません。",2026-04-15 17:10:00
398,578,島崎　麻衣,me,"活動記録シートについてはこちらのみとなります。
https://docs.google.com/spreadsheets/d/1gj6MixENH-xJ-dB9AgsMdkVuLR3ZHll5xvqy1fw1LUg/edit?usp=drivesdk",2026-04-15 18:25:00
399,578,,you,"かしこまりました。
お手数をおかけしました。",2026-04-15 18:27:00
400,578,島崎　麻衣,me,"とんでもないです❗
引き続き、よろしくお願いいたします。",2026-04-15 18:28:00
401,579,,you,"お疲れ様です。
以下の案件に関して、仮払いがされましたので対応を始めます。
https://crowdworks.jp/public/jobs/13055455
活動記録には記載済です。",2026-04-15 09:04:00
402,579,島崎　麻衣,me,"分かりました❗
応募についても並行しながら進めていきましょう。",2026-04-15 12:57:00
403,580,平林　結菜,me,"こんにちは❗
よろしくお願いします❗",2026-04-15 11:45:00
404,580,,you,こちらこそ、ご指導宜しくお願いします🙇‍♂️⤵️,2026-04-15 15:16:00
405,580,島崎　麻衣,me,資料確認が終わりましたら、ご連絡お待ちしております❗,2026-04-15 15:17:00
406,580,,you,"解りました。
ひと通り確認致します。",2026-04-15 15:20:00
407,580,島崎　麻衣,me,焦らなくても大丈夫なので、お手すきの際にお願いいたします。,2026-04-15 17:24:00
408,586,島崎　麻衣,me,"そうしましたら、4/21 15時45分にお電話させていただきます❗
※他の方のサポートも並行している関係で、少し細かいお時間でのご案内となっております。
面談まで少しお時間がありますので、これまでのカリキュラムの復習をしてみてくださいね❗
また、面談ではカリキュラムの中で難しかった点や不安に感じている点についてお聞きすることもありますのでぜひ過去の内容を見返しておいてください❗
面談までに下記アンケートのご回答もお願いいたします❗
https://liff.line.me/2006803756-gbYNK5eY?unique_key=Rl89sk&ts=1767604721",2026-04-15 11:50:00
409,588,島崎　麻衣,me,"おはようございます❗Week８のフィードバックをお送りいたします。
結論からお伝えすると、今回の動画は3分の解説動画としてしっかりと成立しています。
提示された台本と映像の構成が非常に論理的で、視聴者が内容を理解しやすい流れになっているおり、導入で課題を提示し、本編で具体的な解決策を3つ示し、最後にまとめで行動を促すという構成は、解説動画の王道であり、視聴者の満足度を高めるポイントをしっかり押さえています。
台本にある「服を決める」「持ち物を置く」「水を飲む」という3つのステップが、映像の切り替わりと音声のタイミングで過不足なく表現されており、Week８の課題として十分クリア出来ています❗
引き続き、この調子で次のカリキュラムも進めていきましょう。",2026-04-15 10:44:00
410,588,,you,9週目の課題を開く事ができません。時間がないのに先に進める事ができません。,2026-04-15 17:59:00
411,588,島崎　麻衣,me,再登録しましたので、お手すきの際にご確認ください❗,2026-04-15 19:51:00
412,590,,you,枠① 月曜日 15時でお願いいたします！,2026-04-15 12:03:00
413,590,島崎　麻衣,me,"こんにちは❗Week12のフィードバックをお送りいたします。
日常の何気ない購買行動をマーケティングの仕組みとして構造的に捉えられており、非常に鋭い視点をお持ちですね。Notionへの整理も項目ごとに整っており、論理的な思考プロセスがしっかりと可視化されています。
特に「送料を損と感じる心理」や「テスターによる保有効果」といった行動経済学の要素を、実際の店舗やサイトの仕掛けと結びつけて分析できている点は素晴らしいです。
さらに利益を上げるための施策についても、単なる思いつきではなく、顧客の心理的なステップを考慮した具体的な改善案が提示されており、とても良い仕上がりです❗
引き続き、この調子で次のカリキュラムも進めていきましょう。",2026-04-15 16:14:00
414,590,島崎　麻衣,me,面談日程についてですが、4/27 15:00~はご都合いかがでしょうか❓,2026-04-15 16:18:00
415,590,,you,"はい、大丈夫です。
よろしくお願いします。",2026-04-15 16:25:00
416,590,島崎　麻衣,me,"そうしましたら、4/27 15:00時にお電話させていただきます❗
※他の方のサポートも並行している関係で、少し細かいお時間でのご案内となっております。
面談まで少しお時間がありますので、これまでのカリキュラムの復習をしてみてくださいね❗
また、面談ではカリキュラムの中で難しかった点や不安に感じている点についてお聞きすることもありますのでぜひ過去の内容を見返しておいてください❗
面談までに下記アンケートのご回答もお願いいたします❗
https://liff.line.me/2006803756-gbYNK5eY?unique_key=Rl89sk&ts=1767604721",2026-04-15 16:44:00
417,590,,you,"承知しました。
お待ちしております。",2026-04-15 16:46:00
418,590,島崎　麻衣,me,"面談までになにかございましたら、いつでもご連絡ください❗
引き続き、よろしくお願いいたします。",2026-04-15 18:03:00
419,590,万福　杏夏,me,回答を受け付けました❗,2026-04-15 23:47:00
420,596,平林　結菜,me,"こんにちは❗
その後いかがでしょうか❓",2026-04-15 09:48:00
421,596,,you,"お疲れ様です！
継続案件を視野に入れていると言われ、明日面談を1つ行います！
その他は、連絡を待っている状態です！",2026-04-15 19:36:00
422,596,平林　結菜,me,"こんばんは❗
継続案件も視野に入れていただけているとのこと、とても良い流れですね❗
連絡待ちの案件についても良いご縁につながるよう願っています。引き続き一緒に進めていきましょう❗",2026-04-15 20:28:00
423,596,,you,"ありがとうございます！
現状、面談が先に設定される案件に応募している傾向があるため、今後はライティングを先に実施させていただける案件を意識して見極めていきたいと思います。
引き続きよろしくお願いいたします！",2026-04-15 21:45:00
424,602,平林　結菜,me,"こんにちは❗
その後、カリキュラムの進捗状況いかがでしょうか❓",2026-04-15 10:32:00
425,603,,you,"こんにちは
今日やったこと：
⚫︎案件申込5件
かかった時間：40分
出た結果（数値/反応）：
困ってる点：",2026-04-15 18:24:00
426,603,島崎　麻衣,me,"進捗共有ありがとうございます❗
引き続き、よろしくお願いいたします。",2026-04-15 18:29:00
427,605,島崎　麻衣,me,"それでは、こちらで公開して、次は案件獲得のために進めていきましょう❗
まずは、良い案件を当てるよりも、変な案件を避けながら応募数（母数）を増やすのが大事です❗
【案件の探し方（検索のポイント）】
①自分の得意・興味のあるカテゴリを選ぶ
②「初心者OK」「未経験OK」「在宅OK」などで絞り込み
※「初心者歓迎」は勧誘系が混ざりやすいので注意してください❗
③気になる案件があれば、まずは応募してみる→ 小さな経験が、自信とスキルアップにつながります。
【狙うべき案件／避けたい案件】
・狙うべき案件
未経験OKが明記されている
マニュアルあり
テストライティングあり（できれば有償）
最初は低単価でもOK（慣れるフェーズ）
⚠️避けたい案件
高単価なのに説明が薄い
LINE追加など外部誘導が必須
契約前に作業させようとする
資格取得や有料ツール購入を促すタイプ
クラウドワークスは、何件応募したかも大切ですが、何よりどんな案件に応募したか？が重要です❗
勧誘系に当たり続けると、応募数を増やしても成果が出ません。
好条件に見える案件があっても、最初は必ず疑ってかかるくらいでちょうど良いです。
クラウドワークス公式でも注意喚起されていますので、該当ページもお送りしますね。
 blog.crowdworks.jp/archives/6239/ 
一度しっかり目を通しておくと、案件の見極めが一気にラクになりますよ。
また、案件内容だけでなく、発注者の条件も必ず確認するようにしましょう❗
具体的には、まず、本人確認済みになっているかを確認してみてください。
これはトラブル防止のためにも大切なポイントです。
次に評価ですが、★4.8以上、もしくは評価数が10件以上ある発注者を目安にすると安心です。
あわせて、ルール回答済みやプロジェクト完了率が表示されている場合は、きちんと確認しておくと安全です❗
【応募文（提案文）のコツ】
初心者がやりがちなNGは、長すぎる、熱意だけ、自分語り多めです。
通りやすい型はこれです❗
・自己紹介（1〜2行）
・案件への理解・共感
・丁寧に対応できること
・指示やマニュアルを守れること
上手い文章より、扱いやすそう・丁寧そうな人が選ばれます。
【進めていくうえでの考え方】
10件応募 → 1〜2件反応があれば正常
返事ゼロの日があって当たり前
落ちた＝否定ではない
※今は精度を上げるより、母数を増やすフェーズです。
【初心者のNG⚠️】
仮払い前に作業しない
契約前の外部ツール面談は慎重に
年齢など条件に合わない案件は深追いしない
1件に時間をかけすぎない（切り替え大事）
初心者でも取り組みやすく、継続につながりやすいのは、リサーチ系／Webライティング／レビュー記事／まとめ記事／体験談あたりです❗
次のステップに進むためにも、クラウドソーシングで案件を獲得することから、始めていきましょう。
不安な案件があれば、応募前に案件ページのリンクを送ってもらえれば一緒に判断しますので、その都度ご連絡くださいね❗",2026-04-15 11:45:00
428,606,平林　結菜,me,"こんにちは❗
その後、カリキュラムの進捗状況いかがでしょうか❓",2026-04-15 09:52:00
429,606,,you,"こんにちは。
今、課題の制作中です。もうすぐ提出できそうです。
よろしくお願いします。",2026-04-15 10:11:00
430,606,平林　結菜,me,"こんにちは❗
分かりました❗提出お待ちしていますね❗",2026-04-15 12:50:00
431,606,,you,"課題提出しました。
最後にエクスポートする時に、PROの機能を知らずに使っていたようで、無料体験版を使わないとエクスポート出来ないらしく、それらを全部外してやり直しました。かなり印象が変わってしまいましたがなんとか出来ました。",2026-04-15 15:03:00
432,606,,you,有難うございます！,2026-04-15 15:50:00
433,606,島崎　麻衣,me,"こんにちは❗Week７のフィードバックをお送りいたします。
フランスのリムーという町の魅力が、30秒という短い時間の中でとても豊かに伝わっています。
この動画は、一つのテーマが明確に絞られており、情報量も30秒の尺に対して非常に適切です。例えば、冒頭で「世界最古の泡と仮面の町」というキャッチーなフレーズから始まり、カーニバルとスパークリングワインという二つの要素が、映像とテロップの組み合わせによってスムーズに紹介されています。
テロップと内容も噛み合っており、視聴者が飽きることなく最後まで興味を持って見られる構成になっています。
全体として、町の歴史や文化、そして日常の風景がバランスよくまとめられており、視聴者に「なるほど！」という納得感と、その町を訪れてみたいという気持ちを抱かせる素敵な仕上がりです❗
引き続き、この調子で次のカリキュラムも進めていきましょう。",2026-04-15 16:43:00
434,606,,you,"動画は自分で撮ったもので、どれを使うかなど素材選びと組み合わせに時間がかかりましたが、そう言って頂けて嬉しいです。
有難うございます！",2026-04-15 17:04:00
435,606,島崎　麻衣,me,"ご自身で撮影した動画を使って、素材選びや組み合わせまでしっかり考えられているのがとても良いですね❗
そういう細かい部分に時間をかけられているからこそ、完成度にもつながっています。
引き続き、この調子で次のステップも頑張っていきましょう❗",2026-04-15 18:22:00
436,606,,you,有難うございます！(wow),2026-04-15 19:06:00
437,606,平林　結菜,me,"とんでもないです❗
引き続きよろしくお願いします❗",2026-04-15 19:35:00
438,615,,you,"Week6の課題を提出いたしました。
よろしくお願いします。",2026-04-15 04:27:00
439,615,,you,"Notionのデータベース（表）は、まだ思うように編集できないです。
普段Excelを使っているのでレイアウトの調整が思うようにいかないです。
もっとNotionの使い方を理解できればイメージした表を作れるようになると思いますが。
セルや文字に色を付けられるのか？もう少し調べていこうと思います。",2026-04-15 04:33:00
440,615,島崎　麻衣,me,"おはようございます❗Week６のフィードバックをお送りいたします。
提出いただいたNotionページを拝見しましたが、副業として考えるための土台はしっかりと整っています。
副業アイデアが一覧で整理されていることに加え、カテゴリや戦略といった項目で多角的に分析されており、Notionで見返せる形として非常に完成度が高い状態です。
具体的には、それぞれのアイデアに対して業務概要や始め方まで詳細に書き込まれているため、今後ご自身で振り返った際に迷わず次のアクションへ移れる構成になっています。
一般的に副業の検討では、こうした構造化されたリストがあることで、状況の変化に合わせて柔軟にアイデアを更新し続けられるという大きな利点があります。
引き続き、この調子で次のカリキュラムも進めていきましょう❗",2026-04-15 11:08:00
441,616,,you,"お世話になっております。
クラウドワークスで案件（ライティング・記事作成/タスク）を検索したのですが、何らかの講座を受講した人が条件の口コミやアンケートがほとんどで、自身が対象となるものがありません…
どうしたものでしょうか?",2026-04-15 17:13:00
442,616,島崎　麻衣,me,プロフィールについては既に作成済みということでお間違えないでしょうか❓,2026-04-15 18:27:00
443,616,,you,はい、作成してあります。,2026-04-15 18:53:00
444,616,島崎　麻衣,me,それでは、確認のため各媒体のプロフィールページのリンクの共有をお願いいたします❗,2026-04-15 19:13:00
445,616,,you,"スマホで行っているのですが、リンクの共有の仕方がわからないのでおしえてもらいたいです。
よろしくお願いいたします。",2026-04-15 19:20:00
446,616,島崎　麻衣,me,"各サービスとも、基本は自分の公開プロフィールページを開いて、そのURLをコピーして共有すれば大丈夫です❗
【クラウドワークス】
右上の自分の名前を押して、「自分の公開ページを確認」を開きます。
そのページのURLをコピーして共有してください。Webではこの手順、アプリではマイページ上部のID確認からたどれます。 
【ココナラ】
自分のプロフィールページまたはサービスページを開いて、表示されたURLをコピーして共有すればOKです。
ココナラ公式でも、外部ブログやSNSで自分のページをシェアする方法が案内されています。 
【ランサーズ】
自分の公開プロフィールページを開いて、そのURLをコピーして共有すれば大丈夫です。
迷ったら、プロフィールを開いてブラウザのアドレスバーのURLをそのままコピーする形でOKです。 
分からなくなったら、「自分の公開ページを開く → URLをコピーする」
この考え方で進めれば大丈夫です。",2026-04-15 19:27:00
447,616,,you,こちらでよろしかったでしょうか。,2026-04-15 19:51:00
448,616,島崎　麻衣,me,QRコードではなく、URLの共有をお願いいたします。,2026-04-15 19:58:00
449,616,,you,"失礼いたしました。
https://crowdworks.jp/public/employees/5881847?ref=from_mobile_slide_menu
こちらでよろしかったでしょうか。",2026-04-15 20:26:00
450,616,島崎　麻衣,me,"とんでもないです❗こちらで確認出来ました。
ココナラ、ランサーズについては登録はお済みでしょうか❓",2026-04-15 20:32:00
451,616,,you,"ありがとうございます。
どれか一つに登録するのかと思い込んでおりました。
3つとも登録するということでよろしかったでしょうか。",2026-04-15 20:35:00
452,616,平林　結菜,me,その認識で大丈夫ですよ❗,2026-04-15 20:37:00
453,616,,you,"承知いたしました。
それぞれ登録を進めていきます。",2026-04-15 20:39:00
454,616,平林　結菜,me,"わかりました❗
登録できましたらご連絡ください❗",2026-04-15 20:45:00
455,616,,you,承知いたしました。,2026-04-15 20:48:00
456,616,平林　結菜,me,よろしくお願いします❗,2026-04-15 20:49:00
457,616,,you,ココナラとランサーズの登録が済みました。,2026-04-15 21:08:00
458,617,,you,"お疲れ様です
先ほど、CWテストライティング→一次面接→二次面接の
二次面接を受けましたが
コミュニティ勧誘でした
ライティングのお仕事はないけど
コミュニティに人を勧誘することで報酬発生しますよ～
即お断りしてきました
残念です",2026-04-15 12:38:00
459,617,島崎　麻衣,me,"共有ありがとうございます。
その場で違和感に気づいて、きちんとお断りできたのはとても良い判断です❗
テストライティングや面接を重ねたあとに、実際はコミュニティ勧誘だったというのはよくない流れなので、無理に進まなくて正解です。
今回は嫌な経験ではありましたが、怪しい案件を見抜く経験が1つ増えたと考えて大丈夫です❗
今後も、仕事内容より勧誘色が強いもの、報酬の中身が曖昧なものは慎重に見ていきましょう。
気持ちは切り替えて、また通常のライティング案件を探していけば大丈夫です。
今回はしっかり判断できたこと自体が前進です❗",2026-04-15 13:00:00
460,617,,you,"ありがとうございます
気持ち切り替えて
地道に提案続けていきます",2026-04-15 13:10:00
461,617,島崎　麻衣,me,地道に続けることが次につながりますので、この調子で焦りすぎず進めていきましょう❗,2026-04-15 17:01:00
462,617,,you,"了解です
先ほど新しい面談が決まりました
初回からテストなしの面談なので
あまり期待はしないで望みます",2026-04-15 17:07:00
463,617,島崎　麻衣,me,"良い流れですね❗
引き続き、応募と並行しながら進めていきましょう。",2026-04-15 18:19:00
464,617,,you,承知しました,2026-04-15 18:19:00
465,617,島崎　麻衣,me,引き続き、よろしくお願いいたします。,2026-04-15 18:28:00
466,619,,you,頂いた資料を一通り確認しましたのでご連絡いたします。,2026-04-15 17:36:00
467,619,島崎　麻衣,me,"ご連絡ありがとうございます❗
それでは、まずはクラウドワークス、ココナラ、ランサーズに登録していきましょう❗
登録が完了しましたら、ご連絡お待ちしております。",2026-04-15 18:18:00
468,619,,you,ありがとうございます。完了後ご連絡します。,2026-04-15 20:12:00
469,619,平林　結菜,me,ご連絡お待ちしております❗,2026-04-15 20:18:00
470,623,平林　結菜,me,"こんにちは❗
引き続きよろしくお願いします❗",2026-04-15 11:44:00
471,623,,you,"こんにちは！
こちらこそ、引き続き宜しくお願いします(よろしく)",2026-04-15 12:47:00
472,623,島崎　麻衣,me,宜しくお願い致します❗,2026-04-15 12:49:00
473,626,,you,"はると様
お世話になります。
今回のテスト課題が自分の視座が広がるキッカケになると実感しています。",2026-04-15 07:42:00
474,626,島崎　麻衣,me,"こんにちは❗Week９についてですが、Notionのアクセス権が未解除の状態となっていますので、以下の方法でアクセス権の解除をお願いします❗
分からない事がありましたら遠慮なく聞いてくださいね❗
http://www.notion.so/Notion-3128252adfa780fd93cbd5bb6b717536?source=copy_link",2026-04-15 11:19:00
475,626,,you,https://www.notion.so/vs-GU-4P-33486de451c080069cfaf7c3e530a440?source=copy_link,2026-04-15 12:18:00
476,626,,you,"はると様
お世話になります。
スマホから共有やってみましたが確認取れましたでしょうか？
お気づきの点がございましたら、ご連絡頂けると幸いです。",2026-04-15 12:21:00
477,626,島崎　麻衣,me,お送り頂いたリンクを確認しましたが、確認が出来ませんでしたので、お手すきの際に再送をお願いいたします❗,2026-04-15 16:23:00
478,626,,you,"はると様
ご迷惑をおかけして申し訳ありません。
PCからリンクをコピーしたURLをお送りします。
https://www.notion.so/vs-GU-4P-33486de451c080069cfaf7c3e530a440?source=copy_link
再度ご確認頂きます様宜しくお願い致します。",2026-04-15 16:41:00
479,626,,you,"以前作成した「目標」の下位層に今回の課題があり、それで閲覧できていないかもしれません…
改めてURLを送りますので、お時間をください。",2026-04-15 17:13:00
480,626,,you,"はると様
今回のテスト課題を改めて新規ページに作り直しました。
URLを添付致しますので、ご多用中ご確認のほど宜しくお願い致します。
https://www.notion.so/vs-GU-4P-34386de451c080b48ebfe32d402c075d?source=copy_link",2026-04-15 17:25:00
481,626,島崎　麻衣,me,"こんばんは❗Week9のフィードバックをお送りいたします。
方向性は合っています。
4Pで、ユニクロとGUの違いが比較しやすく整理できています。
表で戦略の差が見えていて、補足の考察まで入っているので、マーケティング分析としてしっかりまとまっています。
Week9としては十分クリアできています❗
引き続き、この調子で次のカリキュラムも進めていきましょう。",2026-04-15 19:17:00
482,626,,you,"ありがとうございます！
これから先、副業に取り組む時とても重要なパートになると考えています。
スキルアップのため、今回の課題が下位層になった原因を調べてみます！",2026-04-15 20:01:00
483,626,島崎　麻衣,me,ぜひ、復習しながら次のステップも頑張っていきましょう❗,2026-04-15 20:05:00
484,627,平林　結菜,me,"こんにちは❗
その後、カリキュラムの進捗状況いかがでしょうか❓",2026-04-15 10:37:00
485,627,,you,"こんにちは。
今週ちょっと思うように時間が取れずで、今日か明日には課題を出したいです。",2026-04-15 16:40:00
486,627,平林　結菜,me,"わかりました❗
お待ちしていますね❗",2026-04-15 17:16:00
487,636,,you,"お世話になります
枠②木曜日20時よろしくお願いします",2026-04-15 10:05:00
488,636,島崎　麻衣,me,"こんにちは❗Week12のフィードバックをお送りいたします。
日常の消費体験をマーケティングの仕組みとして構造化できている点は、非常に素晴らしい学びの姿勢です。
Notionを活用して「マーケティングの罠」「利益を上げる施策」「自身の気づき」という3つの軸で情報を整理できているため、客観的な視点と主観的な振り返りがバランスよく統合されています。
具体的には、コンビニのスイーツ購入からアンカリングや社会的証明といった専門的な概念を抽出し、それをさらに企業側の利益最大化という視点で再定義できている点が、マーケティング思考を養う上で非常に有効なアプローチとなっています。
今後は、整理したこれらの構造を「自分自身がどう意思決定をコントロールするか」という実践的な行動変容にまで繋げていくことで、より深いマーケティングの洞察が得られると思いますよ❗",2026-04-15 11:22:00
489,636,島崎　麻衣,me,面談についてですが、4/23 20:15~はご都合いかがでしょうか❓,2026-04-15 11:25:00
490,636,,you,"4/23大丈夫です！
よろしくお願いします",2026-04-15 11:28:00
491,636,島崎　麻衣,me,"そうしましたら、4/23 20時15分にお電話させていただきます❗
※他の方のサポートも並行している関係で、少し細かいお時間でのご案内となっております。
面談まで少しお時間がありますので、これまでのカリキュラムの復習をしてみてくださいね❗
また、面談ではカリキュラムの中で難しかった点や不安に感じている点についてお聞きすることもありますのでぜひ過去の内容を見返しておいてください❗
面談までに下記アンケートのご回答もお願いいたします❗
https://liff.line.me/2006803756-gbYNK5eY?unique_key=Rl89sk&ts=1767604721",2026-04-15 11:59:00
492,636,,you,"わかりました！
よろしくお願いします",2026-04-15 12:37:00
493,636,平林　結菜,me,引き続きよろしくお願いします❗,2026-04-15 12:49:00
494,638,,you,https://www.notion.so/d17ecb2a3584499e8b6c75099a0046eb?source=copy_link,2026-04-15 00:52:00
495,638,,you,"Canvaで「ピラミッド型」「矢印型」のファネル図を選ぶ
↑
これがよくわかりません。
Canvaからどのように進めるのか教えてください。",2026-04-15 03:35:00
496,638,島崎　麻衣,me,"Canvaでは、「ファネル図」ではなく「ピラミッド」や「矢印」で検索すると見つけやすいですよ❗
進め方は、Canvaを開く→ 検索バーで「ピラミッド インフォグラフィック」または「矢印 インフォグラフィック」と検索する→ 5〜6段階あるテンプレートを選ぶ→ 「知る・興味・検討・購入・リピート・紹介」に置き換える→ 各段階に行動や施策を入れる、この流れで大丈夫です 。
まずはテンプレートを1つ開いて、文字を入れ替える形で進めてみてくださいね。",2026-04-15 10:56:00
497,639,平林　結菜,me,"こんにちは❗
その後、カリキュラムの進捗状況いかがでしょうか❓",2026-04-15 09:47:00
498,641,,you,"おはようございます！
クラウドワークス、ココナラ、ランサーズの登録、完了しました！",2026-04-15 11:34:00
499,641,島崎　麻衣,me,"こんにちは❗
それでは、次はそれぞれのプロフィールを作成していきましょう❗
作成が完了しましたら、ご連絡お待ちしております。",2026-04-15 11:38:00
500,641,,you,承知しました！,2026-04-15 11:40:00
501,641,平林　結菜,me,引き続きよろしくお願いします❗,2026-04-15 11:47:00
502,641,,you,,2026-04-15 11:47:00
503,641,平林　結菜,me,,2026-04-15 11:58:00
504,643,,you,"お疲れ様です。
本日、審査のほうに通りまして、プロフィール充実度も80%になりました！
Day2の方に進んでいきます！
引き続き、よろしくお願いします。",2026-04-15 14:25:00
505,643,島崎　麻衣,me,それでは、確認のためそれぞれのプロフィールリンクの共有をお願いいたします❗,2026-04-15 17:54:00
506,643,,you,"https://crowdworks.jp/public/employees/6930661?ref=login_header
こちらになります！変更したほうがいい箇所あったらご指摘いただますと幸いです！",2026-04-15 19:43:00
507,643,,you,"タスクを探していたんですが、
・私でも出来そうな案件がない（指定とか）
・人気案件なのか他のワーカーに入られて出来ない
だったので、まだタスクは1件しかできてませんが、先に応募案件を3件分行おうと思っています！
ちなみにですが、「○○の経験者限定」のような案件はやってないんですけど、こういうのもやっていくんでしょうか？",2026-04-15 19:55:00
508,643,島崎　麻衣,me,ちなみに、ココナラ、ランサーズの登録についてはお済みでしょうか❓,2026-04-15 19:56:00
509,643,,you,ココナラは元々やってたぶんがありますが、ランサーズは未登録です。,2026-04-15 19:57:00
510,643,島崎　麻衣,me,それでは、まずはそちらについてもプロフィールを作成していきましょう。,2026-04-15 20:04:00
511,643,,you,了解しました！,2026-04-15 20:06:00
512,643,平林　結菜,me,プロフィール作成しましたらご連絡ください❗,2026-04-15 20:14:00
513,643,,you,"アカウントの作成完了しました！リンクがこちらになります。
ココナラリンク：
https://coconala.com/users/5849725
ランサーズリンク：
https://www.lancers.jp/profile/came997?ref=header_menu",2026-04-15 21:04:00
514,647,,you,"枠② 水曜日 20時
で、お願いします。",2026-04-15 12:49:00
515,647,平林　結菜,me,"そうしましたら4/22 20時15分にお電話させていただきます❗
※他の方のサポートも並行している関係で、少し細かいお時間でのご案内となっております
面談まで少しお時間がありますので、これまでのカリキュラムの復習をしてみてくださいね❗
また、面談ではカリキュラムの中で難しかった点や不安に感じている点についてお聞きすることもありますのでぜひ過去の内容を見返しておいてください❗
面談までに下記アンケートのご回答もお願いいたします❗
https://liff.line.me/2006803756-gbYNK5eY?unique_key=Rl89sk&ts=1767604721",2026-04-15 12:55:00
516,647,平林　結菜,me,"テスト拝見しました❗
日常の消費行動をマーケティングの仕組みとしてしっかり捉えられていて、とても良い分析されておりお土産の購入を「記憶の保存装置」パン屋での追加購入を「ゲームへの参加」と捉えていた視点がとても良かったです❗
ワンポイントアドバイス
「どの施策が一番効果が高そうか」「なぜそれが効くのか」まで考えるとさらに分析が深まりますよ❗",2026-04-15 12:58:00
517,647,,you,"承知しました。
宜しくお願いします！",2026-04-15 13:56:00
518,647,平林　結菜,me,引き続きよろしくお願いします❗,2026-04-15 14:02:00
519,647,島崎　麻衣,me,回答を受け付けました❗,2026-04-15 14:53:00
520,652,,you,"こんにちは✨
CapCutそして課題について。
初めてのことなので仕方ないのですが、かなり時間かかり苦戦しました😢
提出課題の前に違うもの作っていたのですが、ChatGPTに振り回され、文字だけで理解できず、アドバイスと画面のワードが違うので混乱し、頭が爆発してボツにしました。
この提出物も相当お粗末だなと自覚ありますがもう煮詰まって時間かかって無駄なので一旦出します🙇‍♀️
今回の勉強テーマはやる前から非常に関心が高かったのですが、難しかったので少し心が折れつつも、初心者なんだからと今後の自分に期待し努力する気持ちはまだあります。
いろいろ文字で伝えきれない疑問と格闘がありました、、
めげずに頑張りたいです。
切り替えて進めていきますので引き続きよろしくお願いいたします🙇‍♀️",2026-04-15 17:09:00
521,652,島崎　麻衣,me,"こんばんは❗Week７のフィードバックをお送りいたします。
今回の「悩み解決型」の動画構成は、視聴者の信頼を勝ち取るための王道パターンです。
さらに収益を伸ばすための秘訣として、「冒頭1秒のインパクト」にこだわってみてください。
最初の文字を少し大きくしたり、効果音を入れるだけで、視聴者の手が止まる確率がグンと上がりますよ❗
引き続き、この調子で次のカリキュラムも進めていきましょう。",2026-04-15 18:46:00
522,652,,you,"ありがとうございます！
テーマ選びは本当にわからなくて直前のChatGPTとのやり取り履歴から提案されました。ちなみにボツにした動画は共感系の言葉(？)です。どちらも自分が撮影したものでなく、素材を並べる系なんですがこれが仇になりました。
自己紹介動画のようにテンプレ素材がある状態ではスムーズでしたが本当にゼロから探して作るのは難しかったです。
作業も本当に遅かったですが、だんだんコツを掴んで上手にできると思うので頑張ります。",2026-04-15 19:07:00
523,652,平林　結菜,me,"ゼロから素材を探して作る動画は、テンプレありの動画より難しいの、今回悩まれたのはとても自然なことです。
ボツにした経験も無駄ではなくて、ご自身に合う作り方を見つける大事な過程ですね❗
作業スピードも、続けるうちに必ずコツが掴めてくるので大丈夫です。
この調子で少しずつ慣れていきましょう❗引き続きよろしくお願いします❗",2026-04-15 20:34:00
524,653,,you,"入金を確認できました。
お手数をお掛けしして申し訳ございませんでした。
ありがとうございました。",2026-04-15 08:33:00
525,653,島崎　麻衣,me,"入金確認が出来たようで安心しました。
ありがとうございました。",2026-04-15 10:30:00
526,658,平林　結菜,me,"こんにちは❗
その後いかがでしょうか❓",2026-04-15 09:54:00
527,659,平林　結菜,me,"おはようございます❗️
引き続きよろしくお願いします❗️",2026-04-15 08:54:00
528,661,島崎　麻衣,me,おはようございます❗動画の確認が出来ませんでしたので、一度このLINEに動画ファイルのみ再送いただけますでしょうか❓,2026-04-15 10:24:00
529,661,,you,"今村です。
これで良かったでしょうか？",2026-04-15 18:44:00
530,661,平林　結菜,me,"こんばんは❗拝見しました❗
自然でまとまっていて朝の空気や花、川、公園など、情景が浮かぶ言葉が入っているので、音声や映像につなげやすい内容になっていました。
朝の散歩の気持ちよさを伝える動画としては、しっかり形になっています❗
ワンポイントアドバイス
冒頭に「今日は朝の散歩の気持ちよさについてお伝えします」のようにテーマをひと言入れると解説動画としてさらに伝わりやすくなります❗
この調子で次に行きましょう❗",2026-04-15 20:22:00
531,662,,you,"お世話になっております。
メール送信業務とかはどうなんでしょうか？",2026-04-15 18:50:00
532,662,島崎　麻衣,me,"ライティングで進めるなら、メール送信業務は優先しなくて大丈夫です。
理由は、ライティング実績につながりにくいこと・単価が低いことが多いこと・外部ツールや個人情報が絡みやすいことがあるためです。
今は、記事作成・リライト・構成作成など、ライティング実績として積み上がる案件を優先していきましょう❗",2026-04-15 19:19:00
533,663,平林　結菜,me,"こんにちは❗
その後いかがでしょうか❓
少しでも進められていたらぜひ教えて頂けると助かります❗",2026-04-15 10:35:00
534,663,,you,"ご連絡ありがとうございます。
canvaの取り扱いがイマイチわからなくて。
もう一度、丁寧に読んでやります。
出張が、明日には帰れるので、気持ち新たにやります。
焦ってますが😅",2026-04-15 13:17:00
535,663,島崎　麻衣,me,"進捗共有ありがとうございます❗
課題については、問題なく進められそうでしょうか❓",2026-04-15 17:04:00
536,665,,you,"こんばんは！
現状報告です。
テスト課題に取り組み中ですが、なかなか思うように進まず、時間がかかっています(大変)
焦らず少しずつ進めようと思います。",2026-04-15 22:12:00
537,669,島崎　麻衣,me,"打ち合わせ自体があることだけで即NGではありません。
ただし、契約前に長い打ち合わせがある案件や外部ツール前提の案件は慎重に見たほうがよいです。
クラウドワークスでは、契約前に外部連絡先の交換やオンライン面談への参加が必要な依頼 は原則禁止例として案内されています。 
ランサーズでも、仮払い前のランサーズ外でのコミュニケーションは原則控える 形になっています。 
そのため、判断基準としては、契約・仮払い後か、やり取りがサイト内で完結するか、打ち合わせ時間に見合う報酬か、この3点が大事です。
特に、ライティング案件で毎回10分〜1時間半の打ち合わせが必要だと、作業時間のわりに負担が大きくなりやすいです。
なので、今後継続がありそうでも、打ち合わせが短い、条件確認が事前に文章でできる、報酬に見合っている、この場合だけ進めるのがおすすめです。
逆に、契約前に外部面談を求める、長時間の打ち合わせが前提、仕事内容や報酬が曖昧、このような案件は避けたほうが無難です❗",2026-04-15 11:54:00
538,674,平林　結菜,me,"こんにちは❗
その後、カリキュラムの進捗状況いかがでしょうか❓",2026-04-15 10:33:00
539,675,,you,献立表課題、提出いたしました。よろしくお願いいたします！,2026-04-15 02:05:00
540,675,島崎　麻衣,me,"おはようございます❗Week５のフィードバックをお送りいたします。
一週間分の献立を丁寧にまとめられていて素晴らしいですね❗この献立表は実生活でとても使いやすい形に仕上がっています。
その理由は、一週間という期間が表形式で一覧化されており、朝昼晩の食事内容が整理されているため、パッと見てその日の予定が把握できるからです。
例えば、表の構成がシンプルで視認性が高いため、忙しい時でも迷わず確認できますし、下部に買い物リストをチェックボックス形式で配置している点は、Notionの機能を活かした継続しやすい工夫として非常に有効です。
一般的な食生活の管理として、献立と買い出しの紐付けが同じページで完結しているこの構成は、日々のルーティンに組み込みやすく、とても実用的だと言えます。
引き続き、この調子で次のカリキュラムも進めていきましょう❗",2026-04-15 10:53:00
541,678,島崎　麻衣,me,"田中一馬（ド〜ベルマン.D.I.F）
 
 
これにしました。
 
 
 
 
 
 
 
 
分かりました❗
それでは、これから応募を進めていきましょう❗",2026-04-15 11:47:00
542,679,,you,"リンク送ります。
ココナラ
https://coconala.com/mypage/user?ref=common_header_button
クラウドワークス
https://crowdworks.jp/profile
ランサーズだけ、上手くリンクを貼り付けられないです。
PCだと、プロフィール画面出るのですが",2026-04-15 12:01:00
543,679,島崎　麻衣,me,ランサーズはアプリで操作されていますか❓,2026-04-15 12:25:00
544,679,島崎　麻衣,me,また、お送り頂いたリンクについては全て確認が取れませんでしたので、お手すきの際に再送をお願いいたします。,2026-04-15 12:26:00
545,679,,you,ランサーズはアブではないです。,2026-04-15 12:29:00
546,679,,you,https://www.lancers.jp/profile/2199mako4100,2026-04-15 14:48:00
547,679,,you,https://play.google.com/store/apps/details?id=jp.lancers.lancers,2026-04-15 15:39:00
548,679,,you,これで開けるでしょうか？,2026-04-15 15:40:00
549,679,島崎　麻衣,me,"マコ
 
 
https://www.lancers.jp/profile/2199mako4100
 
 
 
 
 
 
 
 
こちらで確認できました。
ココナラ、クラウドワークスについても、お手すきの際に再送をお願い致します。",2026-04-15 17:58:00
550,679,,you,https://play.google.com/store/apps/details?id=com.coconala.android.portal,2026-04-15 18:11:00
551,679,,you,https://play.google.com/store/apps/details?id=jp.co.crowdworks.androidapp,2026-04-15 18:12:00
552,679,島崎　麻衣,me,"確認出来ませんでしたので、以下の方法でお試しください。
【クラウドワークス】
右上の自分の名前を押して、「自分の公開ページを確認」を開きます。
そのページのURLをコピーして共有してください。Webではこの手順、アプリではマイページ上部のID確認からたどれます。
【ココナラ】
自分のプロフィールページまたはサービスページを開いて、表示されたURLをコピーして共有すればOKです。
ココナラ公式でも、外部ブログやSNSで自分のページをシェアする方法が案内されています。
分からなくなったら、「自分の公開ページを開く → URLをコピーする」
この考え方で進めれば大丈夫です。",2026-04-15 20:02:00
553,679,,you,分かりました。,2026-04-15 21:28:00
554,679,,you,https://coconala.com/users/6021853/,2026-04-15 22:05:00
555,679,,you,ココナラ確認でしますでしょうか？,2026-04-15 22:06:00
556,679,,you,https://crowdworks.jp/profile?ref=from_mobile_slide_menu,2026-04-15 22:07:00
557,679,,you,確認できますでしょうか？,2026-04-15 22:08:00
558,680,平林　結菜,me,"こんにちは❗
その後、カリキュラムの進捗状況いかがでしょうか❓",2026-04-15 09:54:00
559,680,,you,昨夜から課題に取りかりましたが、3分は意外と長くChatGPTで作成したのが短すぎたりとかでそれをもとに音声制作してもダウンロードが上手くいかなかったりと大苦戦で今日も時間見つけて取り組んでいるところです。,2026-04-15 10:45:00
560,680,,you,課題提出が200MBオーバーで提出できませんでした。,2026-04-15 13:18:00
561,680,,you,提出の方は解像度を落として提出しました。時間がかかりすぎました。,2026-04-15 13:25:00
562,680,島崎　麻衣,me,"こんにちは❗Week８のフィードバックをお送りいたします。
今回の動画は、3分という時間の中で集中力を高めるための3つの習慣が非常に分かりやすく整理されており、解説動画としてしっかり成立しています。
動画の構成が台本の内容と連動しており、音声の解説に合わせて映像が切り替わるため、視聴者が内容を理解しやすい流れになっています。
また、ご自身の声を使わずに音声合成ソフトを活用されていますが、映像と音声のテンポが合っており、説明動画として違和感なく視聴できます。
引き続き、この調子で次のカリキュラムも進めていきましょう❗",2026-04-15 16:30:00
563,680,,you,ありがとうございます、テンポは悪いように感じてました💦コレからもよろしくお願いします🙇,2026-04-15 16:32:00
564,680,島崎　麻衣,me,引き続き、無理のない範囲で次のステップも頑張っていきましょう❗,2026-04-15 18:00:00
565,682,,you,"課題を提出しました。
よろしくお願いします。",2026-04-15 17:00:00
566,682,島崎　麻衣,me,"こんばんは❗Week９のフィードバックをお送りいたします。
方向性は合っています。
4Pで、ユニクロとGUの違いが比較しやすく整理できています。
表と細分化した内容の両方があり、戦略の差も見えやすいので、マーケティング分析としてしっかりまとまっています。
Week9としては、十分クリアできています❗
引き続き、この調子で次のカリキュラムも進めていきましょう。",2026-04-15 18:13:00
567,682,,you,こんばんは、ありがとうございます。引き続き頑張ります❗️,2026-04-15 18:15:00
568,682,島崎　麻衣,me,引き続き、次のステップも頑張っていきましょう❗,2026-04-15 20:06:00
569,683,,you,"プロフリンク
ランサーズ：
https://www.lancers.jp/profile/nkns1979
クラウドワーク： 
https://crowdworks.jp/public/employees/6280321?ref=share_url_wkprofile",2026-04-15 04:36:00
570,683,島崎　麻衣,me,ちなみに、ココナラは未作成となりますでしょうか❓,2026-04-15 15:05:00
571,689,,you,,2026-04-15 13:41:00
572,689,島崎　麻衣,me,"こんにちは❗Week11のフィードバックをお送りいたします。
副業をひとつの「流れ」として捉え、顧客の心理変容に合わせた施策が非常に論理的に整理されています。
LINEスタンプとコンサルティングという異なる商材において、認知から紹介に至るまで、顧客がどのような行動をとり、それに対して自分はどう働きかけるべきかという一連のプロセスが、Notionの表とCanvaの図を通じて全体像として明確に可視化できています。
方向性は完全に合っていますし、顧客の行動と自分の施策がしっかりと対応しているため、副業を「点」ではなく「流れ」として捉えられていることがよく伝わってきました。
この設計図があることで、どの段階で顧客が立ち止まっているかを分析しやすくなるはずですので、ぜひ今後の活動に活かしてくださいね❗
引き続き、この調子で次のカリキュラムも進めていきましょう。",2026-04-15 16:32:00
573,693,,you,"お疲れ様です！
ご連絡が遅くなり、申し訳ございません💦
現状のご報告です。
現在、タスクは3件完了しております。
プロジェクト案件については、現時点で14件応募済みです。
そのうち3件からご返信をいただいており、状況は以下の通りです。
1件目は、すでに契約確定となっており、現在は仮払い待ちの状態です。
報酬は500円と少額ではありますが、まずはしっかり対応して実績につなげていきたいと考えております。
内容はライティング案件です。
2件目は、来週に面談を予定しております。
3件目は、現在お返事待ちの状況です。
ただ、先方がライティング初心者向けの募集という印象があり、私自身はライティング経験が少しあるため、対象と合っているかどうかを相談しながら進めているところです。
以上が現状のご報告です。
引き続き、着実に進めてまいります。よろしくお願いいたします！",2026-04-15 21:06:00
574,695,,you,"4/14(火)【活動報告】
Week4 ③写真と文字のバランス　学習
Week4 ④実用的なデータ書き出し　学習
Week 4課題提出
学習時間:2時間
【相談】
今回の課題ではテンプレートを使用してデザインを修正しましたが、chatGPTに改善点を聞いたところテンプレートの元となるデザインを全否定され、全く雰囲気の違う完成物を提案されました。
それはそれでステキなデザインでしたが、今回私が提出したものが良くないのか不安です。
デザインはもともと苦手意識を持っていて、自分で作ってみるだけだと合ってるかどうか判断できません😔",2026-04-15 07:36:00
575,695,島崎　麻衣,me,"こんにちは❗Week４のフィードバックをお送りいたします。
方向性は合っており、サムネイルとして成立しています。
「ソウル」が大きく見えていて、行き先がひと目で伝わります。
写真の雰囲気とも合っていて、旅Vlogのイメージもしやすいです。
文字の大きさや飾りを少し整理すると、さらに見やすく伝わりやすくなりますよ❗
引き続き、この調子で次のカリキュラムも進めていきましょう。",2026-04-15 11:14:00
576,695,島崎　麻衣,me,"ご相談の件についてですが、ChatGPTに別案を出されたからといって、今回の提出物がダメというわけではありませんよ❗
AIが出す案がいつも正解というわけではなく、別の方向性を提案してくることも多いです。
今回の課題で大事なのは、テンプレートを使いながら見やすさや伝わりやすさを意識して整えられているかです。
最初から完璧なデザインを作る必要はありません。
デザインは不安になりやすいですが、今は文字の見やすさ、色が多すぎないか、情報が整理されているか、この基本を意識できていれば大丈夫です❗
苦手意識があっても問題ありません。
今はテンプレートを使って整える経験を積む段階なので、そのまま少しずつ慣れていきましょう❗",2026-04-15 11:18:00
577,695,,you,"相談に対してアドバイスをありがとうございます。テンプレートを使って少しずつ慣れていきたいと思います。
4/15(水)【活動報告】
Week5 ①Notionとは？　学習
Week5 ②Notionの基本の操作　学習
Week5 ③日常生活での活用例（家計簿・習慣トラッカー）学習
Week5 ④副業に向けた整理術　学習
Week 5課題提出
学習時間:2.5時間",2026-04-15 20:43:00
578,695,平林　結菜,me,"こんばんは❗拝見しました❗
1週間分がひと目で分かる、とても見やすい形に整理できていました❗
朝・昼・夜の枠組みがしっかり整えられているので、毎日の食事予定を確認しやすく実生活でも使いやすい構成になっていました。月曜日から日曜日までの流れも分かりやすく、平日と週末の違いも見ながら使いやすい点が良かったです❗
ワンポイントアドバイス
買い物メモ や よく使う食材 も一緒に残しておくと、さらに便利になりますよ❗とても実用的にまとまっていますのでこの調子で次も行きましょう❗",2026-04-15 20:52:00
579,695,平林　結菜,me,"Asami
 
 
相談に対してアドバイスをありがとうございます。テンプレートを使って少しずつ慣れていきたいと思います。
4/15(水)【活動報告】
Week5 ①Notionとは？　学習
Week5 ②Notionの基本の操作　学習
Week5 ③日常生活での活用例（家計簿・習慣トラッカー）学習
Week5 ④副業に向けた整理術　学習
Week 5課題提出
学習時間:2.5時間
 
 
 
 
 
 
 
 
活動報告ありがとうございます❗
Week5の学習と課題提出、お疲れさまでした。Notionの基本から活用例副業に向けた整理術までしっかり学べていてとても良い積み上げですね❗
学習時間も2.5時間しっかり確保できていて素晴らしいです。この調子で少しずつ慣れていきましょう❗",2026-04-15 20:53:00
580,699,島崎　麻衣,me,"おはようございます❗Week10のフィードバックをお送りいたします。
企画として方向性は合っており、しっかりと形になっています。
今回の企画書は、5W1Hの各項目が漏れなく網羅されており、Notionの機能を活用して視覚的にも非常に整理された構造になっています。
特に「エナジードリンクの罪悪感」というインサイトから「効いても軽い」という差別化の軸を導き出している点は、飲料ブランドとしての独自性が明確に伝わる構成です。
全体として、ターゲットの生活シーンに寄り添った具体的な設計がなされており、企画書としての要件を十分に満たしています。
このように、論理的な裏付けとターゲットの心理が結びついているため、説得力のある企画としてまとめられています。
引き続き、この調子で次のカリキュラムも進めていきましょう❗",2026-04-15 10:40:00
581,700,,you,"報告です。　
応用課題③アイコン作成、W4④
60分。フレームにイラストを貼付するとイラストの大きさが調整できないこと（順番を変えると大丈夫でした）。",2026-04-15 18:19:00
582,700,島崎　麻衣,me,"進捗共有ありがとうございます❗
引き続き、この調子で進めていきましょう。",2026-04-15 19:25:00
583,708,,you,,2026-04-15 17:00:00
584,708,島崎　麻衣,me,"こんばんは❗Week４のフィードバックをお送りいたします。
方向性は合っており、サムネイルとして成立しています。
「センスゼロ」と「Canva初めて」が目に入りやすく、初心者向けの内容がひと目で伝わります。
色やイラストの雰囲気も合っていて、やさしく見やすい印象です。
主役の言葉をもう少し絞ると、さらに伝わりやすくなりますよ❗
引き続き、この調子で次のカリキュラムも進めていきましょう。",2026-04-15 18:08:00
585,711,,you,"おはようございます。
week5のテスト課題作成時、notionでページを作る、とありますが、ワークスペースを設定すれば、ページを作る事が出来るのでしょうか?",2026-04-15 06:15:00
586,711,平林　結菜,me,"こんにちは❗
そちらはカリキュラムページになりますので、ご自身のワークスペースを使い作成をお願いします❗",2026-04-15 11:40:00
587,711,,you,"写真上の方にある「ワークスペースを設定する」でわnotionで自分のワークスペースは作れないという事でしょうか?カリキュラムのページが増えるだけ、という事なんでしょうか?
すみません何もわからなくて",2026-04-15 12:16:00
588,711,島崎　麻衣,me,"kouichi
 
 
 
 
 
 
 
 
 
 
まずはご自身のスペースを開いてみましょうか❗
こちらの前のページに戻ることは可能でしょうか❓",2026-04-15 16:49:00
589,714,,you,"遅くなりましたが提出します
Chat GPTに初期コストも出してもらったのですが、出た評価や理由が微妙に納得できない感じで、ここは自分の判断で書くべきかなとも思いました
一方で実現可能性は自分で星をつけたのですが、ここは可能性≒やってみたい欲といった感じで曖昧な線引きの評価になったと我ながら感じます
とはいえ実際にやってみる事が何よりも大事なので、表だけに終わらず実行していきたいですね",2026-04-15 00:03:00
590,714,島崎　麻衣,me,"おはようございます❗Week６のフィードバックをお送りいたします。
提出いただいたNotionページを拝見しましたが、副業として考えるための土台はしっかりと整っていますね。
このように整理されていると、ご自身がどのような基準で副業を選ぼうとしているのかが明確になり、今後の検討がとてもスムーズに進むはずです。
カテゴリ分けによってアイデアの性質が分類されていますし、初期コストや実現可能性といった指標を星の数や文字で評価することで、比較検討しやすい形になっています。
Notionのテーブルビューを活用されているため、いつでも見返して情報を更新できる状態であることもとても良いです。
引き続き、この調子で次のカリキュラムも進めていきましょう❗",2026-04-15 10:50:00
591,724,,you,"報告
●今日やったこと（30分）
　4/15水　Week③CANVAトピック3のこり　メモしながらの学習
　　　
●予定
　4/16木　Week③CANVAト4　メモしながらの学習　
　4/18土　Week③CANVA　課題テスト提出
以上です。
引き続きよろしくお願い申しあげます(Sally cheer)",2026-04-15 21:39:00
592,727,,you,,2026-04-15 20:23:00
593,727,平林　結菜,me,"こんばんは❗
拝見しました❗、サムネイルとしてきちんと成立しており「買ってよかった」という大きな文字がしっかり目に入る点です。動画のテーマが一瞬で伝わりますし、「小学生ママ必見」「神グッズ5選」という情報も整理されているので、誰向けの動画かも分かりやすかったです❗
ワンポイントアドバイス
一番伝えたい言葉だけ少し色や強弱をつけると、さらに目に留まりやすくなります❗全体として、「小学生ママ向けのおすすめ購入品紹介動画」と一目で伝わる、分かりやすいサムネイルでしたのでこの調子で次行きましょう❗",2026-04-15 20:41:00
594,730,,you,"pcが上手くつかえず
時間かかりました。",2026-04-15 22:52:00
595,732,島崎　麻衣,me,"おはようございます❗Week３のフィードバックをお送りいたします。
方向性は合っています。
名前と連絡先が整理されていて、名刺として必要な情報はしっかり入っています。
また、電話・メール・Webサイトがまとまっているので、どう連絡するかも伝わりやすいです。
そのため、名刺として見やすく整理された形になっています❗
引き続き、この調子で次のカリキュラムも進めていきましょう。",2026-04-15 10:18:00
596,735,,you,スクショが収まらなかったため、canvaでまとめてPDFファイルにしましたが、課題の内容と沿っていなかったらやり直すので、その際はご指摘お願いいたします(respect),2026-04-15 23:10:00
597,736,島崎　麻衣,me,"おはようございます❗Week６のフィードバックをお送りいたします。
ご自身のアイデアがNotionのデータベース機能を使って一覧で整理されており、初期コストや難易度といった複数の評価軸で分類されており、スキル系や情報発信系といったカテゴリ分けがなされ、それぞれの項目に対して即金性や実現可能性などが可視化されているため、いつでも見返して比較検討できる状態になっています。
この形式であれば、今後新しいアイデアが浮かんだ際にもスムーズに追加できますし、このままの形で活用を続けていく方向性はとても合っています。
引き続き、この調子で次のカリキュラムも進めていきましょう❗",2026-04-15 10:46:00
598,736,,you,"ありがとうございます。
Notionの共有もできていたようで良かったです。
ChatGPTからNotionに持ってくるのに、
データベースの表組を作って、一つ一つコピペ！？と思いましたが、ChatGPTでCSVファイルも作れるんですね！それをインポートできるのがわかったので良かったです！",2026-04-15 12:30:00
599,736,島崎　麻衣,me,"無事に解決出来たようで安心しました❗
引き続き、この調子で次のステップも頑張っていきましょう❗",2026-04-15 16:50:00
600,738,,you,"Week7できそうも無いです(ぴえん)
どうしても全部やらなくてはいけないのでしょうか？",2026-04-15 20:07:00
601,738,島崎　麻衣,me,ちなみに、どこで躓かれていますか❓,2026-04-15 20:27:00
602,744,,you,基礎学習カリキュラムから入るとやはり同じく,2026-04-15 02:51:00
603,744,,you,基礎学習カリキュラムから入るとやはり同じく上記画面が出ます。,2026-04-15 02:52:00
604,744,,you,おはようございます。今Notionのアプリを確認したところカリキュラムweek3が入っていました。,2026-04-15 02:54:00
605,744,平林　結菜,me,"こんにちは❗
無事に確認出来て良かったです❗
よろしくお願いします❗",2026-04-15 11:47:00
606,744,,you,"ありがとうございます。
こちらのLINEの基礎学習カリキュラムからはエラー画面で確認できないですけど大丈夫でしょうか。",2026-04-15 13:41:00
607,744,,you,Canvaで検索欄に名刺と入力しますと、該当する検索結果は見つかりませんと表示。プレートが出て来ないのです。その他検索ワードはありますか？,2026-04-15 14:08:00
608,744,島崎　麻衣,me,"藤岡英樹
 
 
ありがとうございます。
こちらのLINEの基礎学習カリキュラムからはエラー画面で確認できないですけど大丈夫でしょうか。
 
 
 
 
 
 
 
 
アプリで確認出来ているようでしたら、問題ありませんよ❗",2026-04-15 17:15:00
609,744,島崎　麻衣,me,"藤岡英樹
 
 
Canvaで検索欄に名刺と入力しますと、該当する検索結果は見つかりませんと表示。プレートが出て来ないのです。その他検索ワードはありますか？
 
 
 
 
 
 
 
 
確認のため、現状の操作画面のスクリーンショットをご提示いただけますか❓",2026-04-15 17:16:00
610,745,島崎　麻衣,me,"おはようございます❗Week５のフィードバックをお送りいたします。
この献立表は、1週間分の食事内容がひと目で把握できる非常に整理された形になっています。
Notionの表機能を使うことで朝昼夜の区分が明確になり、日々の食事の全体像がパッと見て理解できる点は、実生活でも迷わず活用できる素晴らしい工夫です。
一般的に献立表は食材の買い出しや調理の計画を立てるために使われますが、この表であれば必要な食材がすぐにイメージできるため、実生活での運用もスムーズに進むはずです。
ここまでできていれば、日々の記録として十分に機能する完成度ですので、このまま自信を持って活用してくださいね❗
引き続き、この調子で次のカリキュラムも進めていきましょう。",2026-04-15 10:29:00
611,755,,you,よろしくお願いします,2026-04-15 08:15:00
612,755,島崎　麻衣,me,"こんにちは❗Week２のフィードバックをお送りいたします。
全体的にSNS向けの伝え方ができていると感じます。
特に、恋愛という役割に沿って、共感やドキドキ、ユーモアといった様々なパターンを提示されている点が素晴らしいですね。
商品のメリットをストレートに伝えるだけでなく、相手の気持ちに寄り添うような表現が、SNSでの共感を呼びやすくなっていると思います。
例えば、「好きな人と近くで話す瞬間ってあるよね…🫣」というフレーズは、多くの人が共感できるシチュエーションであり、歯磨き粉を使う動機付けにも繋がっています。
また、「#モテ習慣」のようなハッシュタグも、ターゲット層に響きやすい工夫だと感じました。
SNS向けに整理されていると言えるでしょう。
短い文章の中で、商品の魅力と、それを使うことで得られるであろう変化を効果的に表現できていますね❗
引き続き、この調子で次のカリキュラムも進めていきましょう。",2026-04-15 11:20:00
613,755,,you,"ありがとうございます。
引き続き頑張ります！",2026-04-15 12:26:00
614,755,島崎　麻衣,me,引き続き、この調子で次のステップも進めていきましょう。,2026-04-15 12:31:00
615,756,,you,よろしくお願いします。,2026-04-15 10:07:00
616,756,島崎　麻衣,me,"こんにちは❗Week1のフィードバックをお送りいたします。
全体的に、ChatGPTとのやり取りがしっかり成立していて、方向性は合っていると感じました。
特に、最初の質問で年齢や希望する調理時間、食材を具体的に伝えている点が、ChatGPTが適切な提案をするための良いきっかけになっていると思います。
また、その後の質問で「豚肉をサラダチキンに変えて」「電子レンジだけで」と、条件を付け加えて相談する形が、より具体的な提案を引き出すのに役立っているのがよくわかります。
例えば、提案された料理のどれも、提示された食材を上手に活用していて、それぞれの料理に合うお酒の種類や、調理のコツなども添えられていて、お願いに沿った内容になっていると思います。
また、火を使わない料理や、短時間でできる料理など、希望していた条件も考慮されているのがわかります。
今回の提出を通して、ChatGPTに食材や条件を伝えること、そして、さらに具体的な要望を付け加えて相談することで、より自分に合った提案を得られることが確認できましたね。
これからも、ChatGPTとの対話を楽しみながら、色々な料理に挑戦してみてください❗
引き続き、この調子で次のカリキュラムも進めていきましょう。",2026-04-15 11:27:00
617,756,,you,ありがとうございました。,2026-04-15 11:29:00
618,756,平林　結菜,me,引き続きよろしくお願いします❗,2026-04-15 11:47:00
619,759,,you,"はるとさん
お世話になっております。
テスト課題を提出致しました。
お手隙の際ご確認とフィードバックのほうお願い致します。",2026-04-15 18:59:00
620,759,平林　結菜,me,"こんばんは❗拝見しました❗
ChatGPTとのやり取りはしっかり成立していて最初に食材を伝えたうえで、そのあとに「5〜10分以内」「お弁当に合うように」と条件を追加できていたのが良かったです。やり取りの流れが自然で、ChatGPTもその条件に合わせて提案を調整できていました❗
最初の提案では炒め物や卵料理巻きものなど幅広い案が出ていてその後はお弁当向けに絞ってより使いやすい形にできていたのも良かったです❗
ワンポイントアドバイス
「味の系統」「何人分か」「使いたい調味料」まで入れると、さらに自分に合った提案をもらいやすくなりますよ❗
そうしましたら次のカリキュラム送りますね❗",2026-04-15 20:16:00
621,760,,you,"残り野菜で日本酒に合う料理を作りたいです。
キャベツ、長いも、ブロッコリー、玉子、鶏もも肉があります。
15分程度で簡単に作れるメニューを3つ考えて下さい。
日本酒に合う、サッと作れて「ちょっと居酒屋気分だった」メニューを3つ考えてみたね😊
どれも15分くらいで作れて、しっかり旨みがある味にしているよ。
① 鶏もも肉とキャベツのにんにく塩炒め
シンプルだけど、日本酒にすごく合う一品だった。
材料（2人分）
鶏もも肉、キャベツ、卵（お好み）、にんにく
作り方
① 鶏もも肉を一口大に切り、塩こしょう
② フライパンで皮目から焼く
③ キャベツをざく切りにして投入
④ にんにく・酒・塩で味付け
⑤ 最後に溶き卵をふんわり絡めても美味しい
👉 ポイント
にんにく×鶏の脂で、日本酒がすすむ味だった
② 長いもとブロッコリーのバター醤油焼き
ホクホク×シャキシャキで、おつまみにぴったりだった。
材料
長いも、ブロッコリー、バター
作り方
① 長いもは輪切り、ブロッコリーは小房に分ける
② フライパンで焼き色がつくまで焼く
③ バター＋醤油を回しかける
👉 ポイント
長いもの食感がクセになる感じで、日本酒と相性良かった
③ 鶏と長いものとろとろ卵とじ
やさしい味で、しみじみ飲みたくなる一品だった。
材料
鶏もも肉、長いも、卵、キャベツ少し
作り方
① 鶏肉を炒める
② 長いもをすりおろす or 角切りで加える
③ 少量の水＋だし＋醤油＋みりんで軽く煮る
④ 卵でとじる
👉 ポイント
とろっとした食感で、日本酒の旨みが引き立つ感じだった
どれも「冷蔵庫にあるものでサッと一杯」が楽しめる組み合わせだった😊
�⁠もう少しガッツリ系や、さらにおしゃれなおつまみ風にもアレンジできるけど、どうする？ 
だしがない場合はどうしたらいいですか？
いい質問だった😊
だしがなくても、ちゃんと美味しく作れる方法はいくつかあるよ。
① 一番おすすめ：調味料で“簡単だし風”
だしがなくても、これで十分コクが出た。
基本の代用
👉 酒＋みりん＋醤油＋少量の水
これに
👉 塩を少し足す or 鶏肉の旨みを活かす
特に今回みたいに鶏もも肉がある場合は、いい出汁が自然に出るから安心だった。
② 旨みをプラスする裏ワザ
家にあればさらに美味しくなる方法だった。
顆粒だし（あれば少し）
白だし（少量でOK）
めんつゆ（かなり便利だった）
バター（コクが出る）
にんにく（風味アップ）
👉 どれか一つ入れるだけで一気に“だし感”が出る
③ シンプルに塩ベースにする
実はこれも日本酒にすごく合う方法だった。
👉 塩＋酒＋こしょうだけ
素材の味が引き立って、
「居酒屋っぽい感じだった」
まとめ
だしがなくても大丈夫で、
✔ 鶏肉の旨みを活かす
✔ 酒＋醤油で整える
これだけでしっかり美味しくなった😊
もし「�⁠もっとプロっぽい味にしたい」とか「�⁠上品な和食寄りにしたい」なら、そのコツも教えるね✨
お家居酒屋みたいな盛り付けにしたいです。
いいですね、お家で居酒屋気分…ぜひやりたいと思った😊
ちょっとした工夫で、一気に「お店っぽく」見えるコツをまとめたね。
① 器は“バラバラ”が正解だった
あえて統一しない方が雰囲気が出た。
小皿・中皿・深皿を混ぜる
和風っぽい器（黒・紺・土っぽい色）を使う
👉 居酒屋は“統一感より雰囲気重視”だった
② 高さを出すと一気にプロっぽい
平らに盛るより、少しこんもりがポイントだった。
キャベツ炒め → 山盛りにする
卵とじ → 深めの器でふんわり
長いも → 重ねて立体感を出す
👉 「ちょっと雑なくらい」が逆にリアルだった
③ 仕上げに“ひと手間トッピング”
これだけで見た目がぐっと良くなった。
刻みネギ（あれば）
黒こしょうを最後にふる
七味や一味を少し
海苔をちぎってのせる
👉 彩り＋香りで一気に居酒屋感アップだった
④ 余白を意識するとおしゃれだった
ぎゅうぎゅうに盛らないのがコツ。
👉 お皿の3割くらいは空ける
👉 料理を“寄せて”盛る
⑤ 日本酒の演出も大事だった
これで一気に完成度が上がった。
小さめのグラス or おちょこ
徳利があればベスト
氷水を入れたグラスで“涼しげ”もあり
⑥ お盆やランチョンマットを使う
テーブルにそのまま置くより雰囲気が出た。
👉 木のお盆や布を敷くだけで
「完全にお店っぽい空間だった」
全体のイメージは
「ちょっとラフで、でも美味しそう」
これが一番居酒屋らしかった😊
もしよかったら、
「�⁠写真映えする盛り付け」や「�⁠一人飲み向けの配置」も提案できるけど、どうする？✨",2026-04-15 11:36:00
622,760,,you,"week1 のテスト課題を提出しました。
よろしくお願いいたします。",2026-04-15 11:38:00
623,760,平林　結菜,me,"こんにちは❗
フォームの方から提出をお願いします❗",2026-04-15 11:41:00
624,760,,you,"間違えてしまい、お手数をおかけしました🙏
承知しました😊",2026-04-15 12:10:00
625,760,島崎　麻衣,me,"気にしなくて大丈夫ですよ❗Week１のフィードバックをお送りいたします。
全体的に、ChatGPTとのやり取りがしっかり成立しているように感じられます。
食材リストも、ChatGPTに料理の提案を依頼する上で必要な情報がきちんと伝えられており、ChatGPTからの提案も提示された食材を上手に活用したものが返ってきていますね。
「鶏もも肉とキャベツのにんにく塩炒め」は、リストにある鶏もも肉とキャベツを組み合わせた、シンプルで美味しそうな提案です。
また、「長いもとブロッコリーのバター醤油焼き」や「鶏と長いものとろとろ卵とじ」も、それぞれの食材の特性を活かした、バランスの取れた献立に見えます。
このように、食材リストの提示からChatGPTへの依頼、そして提案の受け取りまで一連の流れがスムーズに進んでいるので、この調子で次のステップに進んでみてくださいね❗",2026-04-15 16:22:00
626,760,,you,ありがとうございます☺楽しみながら次に進みます(ありがとう),2026-04-15 17:54:00
627,760,平林　結菜,me,"とんでもないです❗
引き続きよろしくお願いします❗",2026-04-15 19:36:00
628,763,,you,"Week 1課題提出しました。
対話式で面白く、楽しくできました。
ありがとうございます。",2026-04-15 21:22:00
629,764,島崎　麻衣,me,"ちなみに、どの部分となりますでしょうか❓
現状の操作画面のスクリーンショットをお送りいただけますか❓",2026-04-15 11:52:00
630,764,,you,コピーした文字だけを送るって事ですね？,2026-04-15 12:07:00
631,764,島崎　麻衣,me,はい、その認識で問題ありませんよ❗,2026-04-15 12:24:00
632,764,,you,ありがとうございます。,2026-04-15 12:30:00
633,764,島崎　麻衣,me,また、なにかございましたらその都度ご連絡ください。,2026-04-15 12:54:00
634,764,,you,チャットgptと会話を重ねていく事で、どんどん明確な内容になっていく事を体験できました。実践課題の洋楽の翻訳はとても面白かったです。,2026-04-15 21:45:00
635,765,,you,"WEEK1のテスト課題を提出いたしました。
ご確認お願いいたします。",2026-04-15 13:00:00
636,765,島崎　麻衣,me,"こんにちは❗Week１のフィードバックをお送りいたします。ChatGPTとのやり取りがしっかり成立していますね。
冷蔵庫にある食材と希望の調理時間を具体的に伝えられており、それに対してChatGPTが3つの料理提案をしてくれるという流れがスムーズに進んでいますね❗
特に、最初の質問で食材リストをしっかり伝え、その後の「もう少し子ども向けにしたい」という要望や、さらに「2歳で玉ねぎを残しがち」という具体的な状況を伝えることで、ChatGPTからの提案がより的確になってきているのがよくわかります。
今回のやり取りを通して、ChatGPTに具体的な条件を伝えること、そして、状況に合わせて質問を深掘りしていくことの重要性がしっかり理解できていると感じました。
この調子で、次のカリキュラムも進めていきましょう❗",2026-04-15 16:26:00
637,765,,you,"フィードバックありがとうございました。
次はweak2を進めていきます。",2026-04-15 16:38:00
638,765,島崎　麻衣,me,引き続き、次のステップも頑張っていきましょう❗,2026-04-15 18:02:00
639,766,,you,課題添削お願いします！,2026-04-15 11:50:00
640,766,島崎　麻衣,me,"こんにちは❗Week２のフィードバックをお送りいたします。
全体的にSNS向けの伝え方ができていますね❗
社会人の方に「仕事の合間の一息」という共感を呼びかける表現が効果的で、ターゲット層に響きやすいと思います❗
商品の魅力も「すっきり甘くてリフレッシュできる」と短くまとめていて、分かりやすいです。
ハッシュタグも関連性が高く、投稿を見つけやすくする工夫がされており、全体として、インフルエンサーとしての役割と商品の魅力をうまく表現できています❗
引き続き、この調子で次のカリキュラムも進めていきましょう。",2026-04-15 16:12:00
641,767,平林　結菜,me,"こんにちは❗
無事に確認が取れて良かったです❗",2026-04-15 11:42:00
642,768,島崎　麻衣,me,"おはようございます❗Week1のフィードバックをお送りいたします。
全体的に、ChatGPTとのやり取りがしっかり成立しているように感じられます。
食材リストも、豚肉、卵、玉ねぎ、キャベツと、希望の食材がきちんと伝えられているのがわかります。
ChatGPTからの料理提案も、提示された食材を上手に活用した3案で、お願いに沿った内容になっていると思います。
「豚キャベツの簡単炒め」や「ふわふわ豚玉キャベツ」といった提案は、食材をシンプルに活かした、とても良いアイデアですね❗
今回の提出からは、ChatGPTに食材を伝え、それに基づいて提案を受けるという一連の流れがスムーズに進んでいることがうかがえます。
この調子で、どんどんChatGPTとのコミュニケーションを楽しんでみてくださいね❗",2026-04-15 10:41:00
643,768,,you,,2026-04-15 15:41:00
644,768,島崎　麻衣,me,"こんにちは❗Week2のフィードバックをお送りします。
インフルエンサーとしての役割が自然に表現できていて、商品の魅力も共感されやすい言葉で伝えられていますね。
特に『透明感えぐい…！』という表現は、若い層にも響きやすく、印象に残りやすいです。
また、『つけるだけで一気に雰囲気変わる』『ナチュラルなのにちゃんと盛れる』という表現も、商品の良さが分かりやすく伝わっています❗
全体として、SNSらしいカジュアルさで商品の魅力を表現できていて、方向性は合っています。
この調子で、今後はさらに読者とのコミュニケーションも意識できると、より良い投稿になっていくと思います。
引き続き、次のステップも頑張っていきましょう❗",2026-04-15 16:39:00
645,768,,you,"質問です☺️
副業はパソコンで！と思っていたんですが、いざスタートさせると、スマホとパソコンの両方活用してやってる自分がいます💦
それで、パソコンでもGoogleアカウントが必要みたいですが、仕事用とプライベートで分けて使用する方がよかったりしますか🤔？",2026-04-15 16:39:00
646,768,島崎　麻衣,me,"☆MIYUKI☆
 
 
質問です☺️
副業はパソコンで！と思っていたんですが、いざスタートさせると、スマホとパソコンの両方活用してやってる自分がいます💦
それで、パソコンでもGoogleアカウントが必要みたいですが、仕事用とプライベートで分けて使用する方がよかったりしますか🤔？
 
 
 
 
 
 
 
 
ご質問の件についてですが、仕事用とプライベートは分けておくほうがおすすめです。
理由としては、案件用のやり取りやGoogleドキュメント、応募関連の管理がしやすくなること、プライベートのメールやデータと混ざらず、整理しやすいこと、この2点が大きいです。
最初は少し手間に感じるかもしれませんが、後から見返したときも分かりやすいので、今のうちに分けておくと楽です❗
特にクラウドソーシングでは、Googleドキュメントやスプレッドシートを使う場面も多いので、仕事用アカウントを1つ作っておくと安心です。
なので、パソコンでもGoogleアカウントは仕事用を1つ用意する、この形で進めるのがおすすめです。",2026-04-15 16:41:00
647,768,,you,,2026-04-15 16:42:00
648,768,島崎　麻衣,me,,2026-04-15 16:43:00
649,771,,you,"お世話になっております。
今回食材に関してはしっかり伝えられたのですが、耐熱丼ぶりは持っていませんでした。別の耐熱容器で代用は可能ですが、使える食器類も指定しておけば良かったと思います。",2026-04-15 15:37:00
650,771,島崎　麻衣,me,"こんにちは❗Week１のフィードバックをお送りいたします。
全体的に、ChatGPTとのやり取りがしっかり成立しているように感じられます。
食材リストも、ChatGPTに料理の相談をする上で必要な情報がきちんと伝えられていると思います。
特に、最初の提案から「洗い物少ないレシピに変更」と指示を出し、再度提案を受けている点が素晴らしいです。
ChatGPTに具体的な要望を伝え、それに応じて提案を修正していくやり取りが、まさにこの講座で目指している活用方法と合っています。
例えば、最初の提案では「パスタ」「米」と別々の炭水化物がありましたが、修正後の提案では「パスタ」「ごはん」と、それぞれに合わせた調理法になっているのがわかりますね。
今回の提出を通して、ChatGPTに食材と条件を伝え、期待する提案を得るという一連の流れを、スムーズに実践できていることが伝わってきました。
これからも、ChatGPTとの対話を楽しみながら、色々な料理のアイデアを探してみてくださいね。
引き続き、この調子で次のカリキュラムも進めていきましょう❗",2026-04-15 16:35:00
651,771,,you,"ご確認ありがとうございます！
引き続き進めていきますので、よろしくお願いいたします。",2026-04-15 16:38:00
652,771,島崎　麻衣,me,引き続き、次のステップも頑張っていきましょう❗,2026-04-15 16:41:00
653,773,,you,"Notionをインストールしてリンク先に進んだら、ページが見つかりません
このページにアクセスする権限がありません。と出ます。",2026-04-15 11:58:00
654,773,,you,どうしたらいいですか,2026-04-15 11:58:00
655,773,島崎　麻衣,me,Notionにご登録のメールアドレスは、【hitute3374@yahoo.co.jp】でお間違えないでしょうか❓,2026-04-15 12:28:00
656,773,,you,はい,2026-04-15 12:35:00
657,773,平林　結菜,me,再登録しましたのでご確認お願いします❗,2026-04-15 12:39:00
658,773,,you,いけました,2026-04-15 12:43:00
659,773,平林　結菜,me,"無事に開けて良かったです❗
引き続きよろしくお願いします❗",2026-04-15 12:49:00
660,774,平林　結菜,me,「seigoya283@gmail.com」こちらのメールアドレスで再登録しましたので確認お願いします❗,2026-04-15 16:11:00
661,774,,you,出来ました,2026-04-15 16:20:00
662,774,平林　結菜,me,"無事に確認出来て良かったです❗
引き続きよろしくお願いします❗",2026-04-15 16:36:00
663,774,,you,"関係ない話ですが
電話の時話そうと思ってだのですが私の子供が3人男がいて
つばさってどうしても
名前をつけたかったのですが
姓名判断で長男、次男もつけれず3人目の時に
もうつけていいよって
言われて(翼星)つばさって
つけました
アドレスにも入れてるように
車のナンバーも283です
翼が好きなのはキャプテン翼からです",2026-04-15 16:42:00
664,774,,you,"神谷さんの翼の名前の由来は
なんですか？",2026-04-15 16:43:00
665,774,,you,宜しくお願いします！,2026-04-15 17:29:00
666,774,平林　結菜,me,"こんばんは❗
拝見しました❗ChatGPTへの伝え方はしっかりできていて食材リストが分かりやすく整理されていて、「ダイエット向け」「筋肉を落とさない」という条件もきちんと言葉にできていたのが良かったです。そのため、ChatGPTからの提案も希望に合った内容になっていました❗
ワンポイントアドバイス
「何人分か」「調理時間」「避けたい食材や味つけ」まで入れると、さらに自分に合った提案をもらいやすくなりますよ❗Week1としてしっかりやり取りができています。この方向性で進めて大丈夫です❗
この調子で次も行きましょう❗",2026-04-15 19:26:00
667,775,,you,よろしくお願いします,2026-04-15 16:53:00
668,775,島崎　麻衣,me,"こんばんは❗Week１のフィードバックをお送りいたします。
全体的に、ChatGPTとのやり取りがとてもスムーズに進んでいるように感じました。
特に、食材リストをしっかり伝えられた上で、具体的な料理の提案を受けている点は素晴らしいですね❗
今回のやり取りでは、主人が歯の治療中であるという条件を、ChatGPTにきちんと伝えることができています。
その結果、歯の状態に合わせて食事の段階を分けてもらうなど、具体的な提案を受けることができていますね。
食材リストも、様々な食材を含んでおり、ChatGPTが多様な提案を考えやすい状況を作れていると思います。
この調子で、どんどんChatGPTを活用して、色々なアイデアを試してみてくださいね❗
引き続き、次のステップも頑張っていきましょう❗",2026-04-15 18:05:00
669,775,,you,ありがとうございます,2026-04-15 18:18:00
670,775,島崎　麻衣,me,引き続き、次のステップも頑張っていきましょう❗,2026-04-15 18:19:00
